company,title,location,team,posted,url,source_url,page_title,truncated,extracted_at,fetch_status,fetch_error
Alantra,FIG Spain Intern,"Madrid, Spain",FIG Spain - Madrid,,https://alantra.wd3.myworkdayjobs.com/Alantra/job/Spain---Madrid/FIG-Spain-Intern--Madrid--Spain-_JR355,https://www.alantra.com/careers/apply/,Apply | Alantra,true,2026-10-01T10:38:42,200,
Alantra,"M&A, Associate","New York & Boston, US",CORPORATE FINANCE USA - New York,,https://alantra.wd3.myworkdayjobs.com/Alantra/job/USA---New-York/M-A--Associate--New-York--US-_JR383,https://www.alantra.com/careers/apply/,Apply | Alantra,true,2026-10-01T10:38:42,200,
Alantra,"M&A, Industrial Analyst","New York, US",CORPORATE FINANCE USA - New York,,https://alantra.wd3.myworkdayjobs.com/Alantra/job/USA---New-York/M-A--Industrial-Analyst--New-York--US-_JR385,https://www.alantra.com/careers/apply/,Apply | Alantra,true,2026-10-01T10:38:42,200,
Alantra,Internship FIG - Investment Banking,Greece,FIG Greece - Athens,,https://alantra.wd3.myworkdayjobs.com/Alantra/job/Greece---Athens/Internship-FIG---Investment-Banking--Greece-_JR395,https://www.alantra.com/careers/apply/,Apply | Alantra,true,2026-10-01T10:38:42,200,
Alantra,"M&A, Investment Banking Healthcare VP","New York, US",CORPORATE FINANCE USA - New York,,https://alantra.wd3.myworkdayjobs.com/Alantra/job/USA---New-York/M-A--Investment-Banking-Healthcare-VP--New-York--US-_JR406,https://www.alantra.com/careers/apply/,Apply | Alantra,true,2026-10-01T10:38:42,200,
Alantra,Analyst – Maritime & Offshore Investment Banking,,CORPORATE FINANCE Greece - Athens,,https://alantra.wd3.myworkdayjobs.com/Alantra/job/Greece---Athens/Analyst---Maritime---Offshore-Investment-Banking_JR412,https://www.alantra.com/careers/apply/,Apply | Alantra,true,2026-10-01T10:38:42,200,
Ares AM,"Associate, Corporate Services, Facilities (FTC)","London, UK",,,https://aresmgmt.wd1.myworkdayjobs.com/en-US/External/job/London-UK/Associate--Corporate-Services--Facilities--6-9-Month-FTC-_R8549-2?locations=a2362609c819017d0d16027fbb23f37f,https://aresmgmt.wd1.myworkdayjobs.com/en-US/External/details/Senior-Associate--Quantitative-Engineering_R7681-1?locations=a2362609c819017d0d16027fbb23f37f,Search for Jobs,true,2026-10-01T10:38:42,200,
Ares AM,"Product Manager, Quantitative Product","London, UK",,,https://aresmgmt.wd1.myworkdayjobs.com/en-US/External/job/London-UK/Product-Manager--Quantitative-Product-_R8313-1?locations=a2362609c819017d0d16027fbb23f37f,https://aresmgmt.wd1.myworkdayjobs.com/en-US/External/details/Senior-Associate--Quantitative-Engineering_R7681-1?locations=a2362609c819017d0d16027fbb23f37f,Search for Jobs,true,2026-10-01T10:38:42,200,
Ares AM,"Vice President, Financial Planning & Analysis","London, UK",,,https://aresmgmt.wd1.myworkdayjobs.com/en-US/External/job/London-UK/Vice-President--Financial-Planning---Analysis_R8521-1?locations=a2362609c819017d0d16027fbb23f37f,https://aresmgmt.wd1.myworkdayjobs.com/en-US/External/details/Senior-Associate--Quantitative-Engineering_R7681-1?locations=a2362609c819017d0d16027fbb23f37f,Search for Jobs,true,2026-10-01T10:38:42,200,
Ares AM,"Senior Associate, Digital Infrastructure Investments","London, UK",,,https://aresmgmt.wd1.myworkdayjobs.com/en-US/External/job/London-UK/Senior-Associate--Digital-Infrastructure-Investments_R8404-1?locations=a2362609c819017d0d16027fbb23f37f,https://aresmgmt.wd1.myworkdayjobs.com/en-US/External/details/Senior-Associate--Quantitative-Engineering_R7681-1?locations=a2362609c819017d0d16027fbb23f37f,Search for Jobs,true,2026-10-01T10:38:42,200,
Ares AM,"Senior Associate, RFP","London, UK",,,https://aresmgmt.wd1.myworkdayjobs.com/en-US/External/job/London-UK/Senior-Associate--RFP_R8429?locations=a2362609c819017d0d16027fbb23f37f,https://aresmgmt.wd1.myworkdayjobs.com/en-US/External/details/Senior-Associate--Quantitative-Engineering_R7681-1?locations=a2362609c819017d0d16027fbb23f37f,Search for Jobs,true,2026-10-01T10:38:42,200,
Ares AM,"Senior Associate, Data Centre Engineer","London, UK",,,https://aresmgmt.wd1.myworkdayjobs.com/en-US/External/job/London-UK/Senior-Associate--Data-Centre-Engineer_R8428-1?locations=a2362609c819017d0d16027fbb23f37f,https://aresmgmt.wd1.myworkdayjobs.com/en-US/External/details/Senior-Associate--Quantitative-Engineering_R7681-1?locations=a2362609c819017d0d16027fbb23f37f,Search for Jobs,true,2026-10-01T10:38:42,200,
Ares AM,"Vice President, EMEA Consultant Relations, Relationship Management","London, UK",,,https://aresmgmt.wd1.myworkdayjobs.com/en-US/External/job/London-UK/Vice-President--Relationship-Management--Europe--Milan---Monaco-_R7088-1?locations=a2362609c819017d0d16027fbb23f37f,https://aresmgmt.wd1.myworkdayjobs.com/en-US/External/details/Senior-Associate--Quantitative-Engineering_R7681-1?locations=a2362609c819017d0d16027fbb23f37f,Search for Jobs,true,2026-10-01T10:38:42,200,
Ares AM,"Senior Associate, EMEA Insurance, Relationship Management","London, UK",,,https://aresmgmt.wd1.myworkdayjobs.com/en-US/External/job/London-UK/Senior-Associate--EMEA-Insurance--Relationship-Management_R7428-1?locations=a2362609c819017d0d16027fbb23f37f,https://aresmgmt.wd1.myworkdayjobs.com/en-US/External/details/Senior-Associate--Quantitative-Engineering_R7681-1?locations=a2362609c819017d0d16027fbb23f37f,Search for Jobs,true,2026-10-01T10:38:42,200,
Ares AM,Executive Assistant,"London, UK",,,https://aresmgmt.wd1.myworkdayjobs.com/en-US/External/job/London-UK/Executive-Assistant_R8182-1?locations=a2362609c819017d0d16027fbb23f37f,https://aresmgmt.wd1.myworkdayjobs.com/en-US/External/details/Senior-Associate--Quantitative-Engineering_R7681-1?locations=a2362609c819017d0d16027fbb23f37f,Search for Jobs,true,2026-10-01T10:38:42,200,
Ares AM,"Associate Vice President, Digital Infrastructure Accounting Manager","London, UK",,,https://aresmgmt.wd1.myworkdayjobs.com/en-US/External/job/London-UK/Associate-Vice-President--Digital-Infrastructure-Accounting-Manager_R8302-1?locations=a2362609c819017d0d16027fbb23f37f,https://aresmgmt.wd1.myworkdayjobs.com/en-US/External/details/Senior-Associate--Quantitative-Engineering_R7681-1?locations=a2362609c819017d0d16027fbb23f37f,Search for Jobs,true,2026-10-01T10:38:42,200,
Ares AM,"Vice President, Alternative Credit - CLOs","London, UK",,,https://aresmgmt.wd1.myworkdayjobs.com/en-US/External/job/London-UK/Vice-President--Alternative-Credit---CLOs_R7413-1?locations=a2362609c819017d0d16027fbb23f37f,https://aresmgmt.wd1.myworkdayjobs.com/en-US/External/details/Senior-Associate--Quantitative-Engineering_R7681-1?locations=a2362609c819017d0d16027fbb23f37f,Search for Jobs,true,2026-10-01T10:38:42,200,
Ares AM,"Senior Associate, Digital Infrastructure Portfolio Management","London, UK",,,https://aresmgmt.wd1.myworkdayjobs.com/en-US/External/job/London-UK/Associate--Digital-Infrastructure-Portfolio-Management_R8216-1?locations=a2362609c819017d0d16027fbb23f37f,https://aresmgmt.wd1.myworkdayjobs.com/en-US/External/details/Senior-Associate--Quantitative-Engineering_R7681-1?locations=a2362609c819017d0d16027fbb23f37f,Search for Jobs,true,2026-10-01T10:38:42,200,
Ares AM,"Senior Associate, European Real Assets Debt Capital Markets","London, UK",,,https://aresmgmt.wd1.myworkdayjobs.com/en-US/External/job/London-UK/Senior-Associate--European-Real-Assets-Debt-Capital-Markets_R8050-1?locations=a2362609c819017d0d16027fbb23f37f,https://aresmgmt.wd1.myworkdayjobs.com/en-US/External/details/Senior-Associate--Quantitative-Engineering_R7681-1?locations=a2362609c819017d0d16027fbb23f37f,Search for Jobs,true,2026-10-01T10:38:42,200,
Ares AM,"Associate, Real Estate Asset Management Operations","London, UK",,,https://aresmgmt.wd1.myworkdayjobs.com/en-US/External/job/London-UK/Associate--Real-Estate-Asset-Management-Operations_R8113?locations=a2362609c819017d0d16027fbb23f37f,https://aresmgmt.wd1.myworkdayjobs.com/en-US/External/details/Senior-Associate--Quantitative-Engineering_R7681-1?locations=a2362609c819017d0d16027fbb23f37f,Search for Jobs,true,2026-10-01T10:38:42,200,
Ares AM,"Analyst, Real Estate Asset Management","London, UK",,,https://aresmgmt.wd1.myworkdayjobs.com/en-US/External/job/London-UK/Analyst--Real-Estate-Asset-Management_R7983-2?locations=a2362609c819017d0d16027fbb23f37f,https://aresmgmt.wd1.myworkdayjobs.com/en-US/External/details/Senior-Associate--Quantitative-Engineering_R7681-1?locations=a2362609c819017d0d16027fbb23f37f,Search for Jobs,true,2026-10-01T10:38:42,200,
Ares AM,"Associate, Product Management and Investor Relations, European Direct Lending","London, UK",,,https://aresmgmt.wd1.myworkdayjobs.com/en-US/External/job/London-UK/Associate--Product-Management-and-Investor-Relations--Credit_R7092-2?locations=a2362609c819017d0d16027fbb23f37f,https://aresmgmt.wd1.myworkdayjobs.com/en-US/External/details/Senior-Associate--Quantitative-Engineering_R7681-1?locations=a2362609c819017d0d16027fbb23f37f,Search for Jobs,true,2026-10-01T10:38:42,200,
Ares AM,"Associate, Real Estate Asset Management","London, UK",,,https://aresmgmt.wd1.myworkdayjobs.com/en-US/External/job/London-UK/Associate--Real-Estate-Asset-Management_R7935-1?locations=a2362609c819017d0d16027fbb23f37f,https://aresmgmt.wd1.myworkdayjobs.com/en-US/External/details/Senior-Associate--Quantitative-Engineering_R7681-1?locations=a2362609c819017d0d16027fbb23f37f,Search for Jobs,true,2026-10-01T10:38:42,200,
Ares AM,"Associate, Sports, Media and Entertainment","London, UK",,,https://aresmgmt.wd1.myworkdayjobs.com/en-US/External/job/London-UK/Associate---Sports--Media-and-Entertainment_R7438-1?locations=a2362609c819017d0d16027fbb23f37f,https://aresmgmt.wd1.myworkdayjobs.com/en-US/External/details/Senior-Associate--Quantitative-Engineering_R7681-1?locations=a2362609c819017d0d16027fbb23f37f,Search for Jobs,true,2026-10-01T10:38:42,200,
Ares AM,"Associate, Private Equity Secondaries","London, UK",,,https://aresmgmt.wd1.myworkdayjobs.com/en-US/External/job/London-UK/Associate--Private-Equity-Secondaries_R8024-1?locations=a2362609c819017d0d16027fbb23f37f,https://aresmgmt.wd1.myworkdayjobs.com/en-US/External/details/Senior-Associate--Quantitative-Engineering_R7681-1?locations=a2362609c819017d0d16027fbb23f37f,Search for Jobs,true,2026-10-01T10:38:42,200,
Ares AM,"Vice President, Energy Infrastructure Lead, EMEA","London, UK",,,https://aresmgmt.wd1.myworkdayjobs.com/en-US/External/job/London-UK/Energy-Infrastructure-Lead--EMEA_R6554-2?locations=a2362609c819017d0d16027fbb23f37f,https://aresmgmt.wd1.myworkdayjobs.com/en-US/External/details/Senior-Associate--Quantitative-Engineering_R7681-1?locations=a2362609c819017d0d16027fbb23f37f,Search for Jobs,true,2026-10-01T10:38:42,200,
Bank of America,Agency Management Officer III,Multiple Locations,Global Operations,"Sep 30, 2026",https://careers.bankofamerica.com/en-us/job-detail/26031684/agency-management-officer-iii-multiple-locations,https://careers.bankofamerica.com/en-us/job-search?ref=search&search=getAllJobs&start=0&rows=10,Bank of America Jobs: Search & Apply for Bank of America Careers,true,2026-10-01T10:38:42,200,
Bank of America,Assistant Manager,Multiple Locations,Global Business Services,"Sep 30, 2026",https://careers.bankofamerica.com/en-us/job-detail/26035811/assistant-manager-multiple-locations,https://careers.bankofamerica.com/en-us/job-search?ref=search&search=getAllJobs&start=0&rows=10,Bank of America Jobs: Search & Apply for Bank of America Careers,true,2026-10-01T10:38:42,200,
Bank of America,"Assistant Vice President, Securitisation Operations, Global Treasury & Merchant Operations, Sydney, Australia","Sydney, Australia",Global Operations,"Sep 30, 2026",https://careers.bankofamerica.com/en-us/job-detail/26019768/assistant-vice-president-securitisation-operations-global-treasury-merchant-operations-sydney-australia-sydney-australia,https://careers.bankofamerica.com/en-us/job-search?ref=search&search=getAllJobs&start=0&rows=10,Bank of America Jobs: Search & Apply for Bank of America Careers,true,2026-10-01T10:38:42,200,
Bank of America,"Assistant Vice President/ Vice President, Global Financial Crimes Investigator (Quality Assurance)","Singapore, Singapore",Global Operations,"Sep 30, 2026",https://careers.bankofamerica.com/en-us/job-detail/26035986/assistant-vice-president-vice-president-global-financial-crimes-investigator-quality-assurance-singapore-singapore,https://careers.bankofamerica.com/en-us/job-search?ref=search&search=getAllJobs&start=0&rows=10,Bank of America Jobs: Search & Apply for Bank of America Careers,true,2026-10-01T10:38:42,200,
Bank of America,"Assistant Vice President/ Vice President, Global Financial Crimes Investigator (Quality Assurance)","Mumbai, India",Global Operations,"Sep 30, 2026",https://careers.bankofamerica.com/en-us/job-detail/26035989/assistant-vice-president-vice-president-global-financial-crimes-investigator-quality-assurance-mumbai-india,https://careers.bankofamerica.com/en-us/job-search?ref=search&search=getAllJobs&start=0&rows=10,Bank of America Jobs: Search & Apply for Bank of America Careers,true,2026-10-01T10:38:42,200,
Bank of America,Audit Manager - Credit Risk and Data Quality SME,Multiple Locations,Corporate Audit And Credit Review,"Sep 30, 2026",https://careers.bankofamerica.com/en-us/job-detail/26033143/audit-manager-credit-risk-and-data-quality-sme-multiple-locations,https://careers.bankofamerica.com/en-us/job-search?ref=search&search=getAllJobs&start=0&rows=10,Bank of America Jobs: Search & Apply for Bank of America Careers,true,2026-10-01T10:38:42,200,
Bank of America,Client Services Representative II,"Las Vegas, NV",Consumer & Small Business,"Sep 30, 2026",https://careers.bankofamerica.com/en-us/job-detail/26036099/client-services-representative-ii-las-vegas-nevada-united-states,https://careers.bankofamerica.com/en-us/job-search?ref=search&search=getAllJobs&start=0&rows=10,Bank of America Jobs: Search & Apply for Bank of America Careers,true,2026-10-01T10:38:42,200,
Bank of America,Client Services Representative II Bilingual Spanish,"Las Vegas, NV",Consumer & Small Business,"Sep 30, 2026",https://careers.bankofamerica.com/en-us/job-detail/26036101/client-services-representative-ii-bilingual-spanish-las-vegas-nevada-united-states,https://careers.bankofamerica.com/en-us/job-search?ref=search&search=getAllJobs&start=0&rows=10,Bank of America Jobs: Search & Apply for Bank of America Careers,true,2026-10-01T10:38:42,200,
Bluecrest,Finance Analyst,"London, England, United Kingdom",Finance,,https://job-boards.greenhouse.io/bluecrestcapitalmanagement/jobs/8009087003,https://job-boards.greenhouse.io/bluecrestcapitalmanagement,Jobs at BlueCrest Capital Management,false,2026-10-01T10:38:42,200,
Bluecrest,AI DevOps Engineer,"London, England, United Kingdom",Technology - Infrastructure,,https://job-boards.greenhouse.io/bluecrestcapitalmanagement/jobs/7972490003,https://job-boards.greenhouse.io/bluecrestcapitalmanagement,Jobs at BlueCrest Capital Management,false,2026-10-01T10:38:42,200,
Bluecrest,DevOps Engineer (FTC),"London, England, United Kingdom",Technology - Infrastructure,,https://job-boards.greenhouse.io/bluecrestcapitalmanagement/jobs/7972620003,https://job-boards.greenhouse.io/bluecrestcapitalmanagement,Jobs at BlueCrest Capital Management,false,2026-10-01T10:38:42,200,
Bluecrest,Network Platform Engineer,"London, England, United Kingdom",Technology - Infrastructure,,https://job-boards.greenhouse.io/bluecrestcapitalmanagement/jobs/7820164003,https://job-boards.greenhouse.io/bluecrestcapitalmanagement,Jobs at BlueCrest Capital Management,false,2026-10-01T10:38:42,200,
Bluecrest,Platform Engineer,"London, England, United Kingdom",Technology - Infrastructure,,https://job-boards.greenhouse.io/bluecrestcapitalmanagement/jobs/7820174003,https://job-boards.greenhouse.io/bluecrestcapitalmanagement,Jobs at BlueCrest Capital Management,false,2026-10-01T10:38:42,200,
Bluecrest,Technology PMO Lead,"London, England, United Kingdom",Technology - Ops Tech,,https://job-boards.greenhouse.io/bluecrestcapitalmanagement/jobs/7988791003,https://job-boards.greenhouse.io/bluecrestcapitalmanagement,Jobs at BlueCrest Capital Management,false,2026-10-01T10:38:42,200,
Bluecrest,AI Integration Lead,"London, England, United Kingdom",Technology - Tech Risk,,https://job-boards.greenhouse.io/bluecrestcapitalmanagement/jobs/7731841003,https://job-boards.greenhouse.io/bluecrestcapitalmanagement,Jobs at BlueCrest Capital Management,false,2026-10-01T10:38:42,200,
Capital Group,(12 month FTC) Investment Group Assistant,London,,Posted 4 Days Ago,https://capgroup.wd1.myworkdayjobs.com/en-GB/capitalgroupcareers/job/London/XMLNAME--12-month-FTC--Investment-Group-Assistant_JR7461?source=CGCareerSite&locationCountry=29247e57dbaf46fb855b224e03170bc7,https://capgroup.wd1.myworkdayjobs.com/en-GB/capitalgroupcareers?source=CGCareerSite&locationCountry=29247e57dbaf46fb855b224e03170bc7,Search for Jobs,false,2026-10-01T10:38:42,200,
Capital Group,"CAMPUS: Capital Group Rotational Program - Data & Tech Track Summer Associate (London, 2027)",London,,Posted 6 Days Ago,https://capgroup.wd1.myworkdayjobs.com/en-GB/capitalgroupcareers/job/London/CAMPUS--Capital-Group-Rotational-Program---Data---Tech-Track-Summer-Associate--London--2027-_JR7451?source=CGCareerSite&locationCountry=29247e57dbaf46fb855b224e03170bc7,https://capgroup.wd1.myworkdayjobs.com/en-GB/capitalgroupcareers?source=CGCareerSite&locationCountry=29247e57dbaf46fb855b224e03170bc7,Search for Jobs,false,2026-10-01T10:38:42,200,
Capital Group,"CAMPUS: Capital Group Rotational Program - Client & Product Track Summer Associate (London, 2027)",London,,Posted 6 Days Ago,https://capgroup.wd1.myworkdayjobs.com/en-GB/capitalgroupcareers/job/London/CAMPUS--Capital-Group-Rotational-Program---Client---Product-Track-Summer-Associate--London--2027-_JR7450?source=CGCareerSite&locationCountry=29247e57dbaf46fb855b224e03170bc7,https://capgroup.wd1.myworkdayjobs.com/en-GB/capitalgroupcareers?source=CGCareerSite&locationCountry=29247e57dbaf46fb855b224e03170bc7,Search for Jobs,false,2026-10-01T10:38:42,200,
Capital Group,"CAMPUS: Capital Group Rotational Program - Business & Operations Track Summer Associate (London, 2027)",London,,Posted 6 Days Ago,https://capgroup.wd1.myworkdayjobs.com/en-GB/capitalgroupcareers/job/London/CAMPUS--Capital-Group-Rotational-Program---Business---Operations-Track-Summer-Associate--London--2027-_JR7449?source=CGCareerSite&locationCountry=29247e57dbaf46fb855b224e03170bc7,https://capgroup.wd1.myworkdayjobs.com/en-GB/capitalgroupcareers?source=CGCareerSite&locationCountry=29247e57dbaf46fb855b224e03170bc7,Search for Jobs,false,2026-10-01T10:38:42,200,
Capital Group,"Business Data, Analytics and Tools, Senior Analyst",London,,Posted 7 Days Ago,https://capgroup.wd1.myworkdayjobs.com/en-GB/capitalgroupcareers/job/London/Business-Data--Analytics-and-Tools--Senior-Analyst_JR7331?source=CGCareerSite&locationCountry=29247e57dbaf46fb855b224e03170bc7,https://capgroup.wd1.myworkdayjobs.com/en-GB/capitalgroupcareers?source=CGCareerSite&locationCountry=29247e57dbaf46fb855b224e03170bc7,Search for Jobs,false,2026-10-01T10:38:42,200,
Capital Group,Market Data Services Director,4 Locations,,Posted 10 Days Ago,https://capgroup.wd1.myworkdayjobs.com/en-GB/capitalgroupcareers/job/Los-Angeles/Market-Data-Services-Director_JR6958-1?source=CGCareerSite&locationCountry=29247e57dbaf46fb855b224e03170bc7,https://capgroup.wd1.myworkdayjobs.com/en-GB/capitalgroupcareers?source=CGCareerSite&locationCountry=29247e57dbaf46fb855b224e03170bc7,Search for Jobs,false,2026-10-01T10:38:42,200,
Capital Group,Global Finance Manager - Strategic Analysis,London,,Posted 14 Days Ago,https://capgroup.wd1.myworkdayjobs.com/en-GB/capitalgroupcareers/job/London/Global-Finance-Manager---Strategic-Analysis_JR7332?source=CGCareerSite&locationCountry=29247e57dbaf46fb855b224e03170bc7,https://capgroup.wd1.myworkdayjobs.com/en-GB/capitalgroupcareers?source=CGCareerSite&locationCountry=29247e57dbaf46fb855b224e03170bc7,Search for Jobs,false,2026-10-01T10:38:42,200,
Capital Group,UX Designer - 12m FTC,London,,Posted 16 Days Ago,https://capgroup.wd1.myworkdayjobs.com/en-GB/capitalgroupcareers/job/London/UX-Designer---12m-FTC_JR7306?source=CGCareerSite&locationCountry=29247e57dbaf46fb855b224e03170bc7,https://capgroup.wd1.myworkdayjobs.com/en-GB/capitalgroupcareers?source=CGCareerSite&locationCountry=29247e57dbaf46fb855b224e03170bc7,Search for Jobs,false,2026-10-01T10:38:42,200,
Capital Group,Events Associate,London,,Posted 20 Days Ago,https://capgroup.wd1.myworkdayjobs.com/en-GB/capitalgroupcareers/job/London/Events-Associate_JR7135?source=CGCareerSite&locationCountry=29247e57dbaf46fb855b224e03170bc7,https://capgroup.wd1.myworkdayjobs.com/en-GB/capitalgroupcareers?source=CGCareerSite&locationCountry=29247e57dbaf46fb855b224e03170bc7,Search for Jobs,false,2026-10-01T10:38:42,200,
Capital Group,Product Manager Lead,London,,Posted 23 Days Ago,https://capgroup.wd1.myworkdayjobs.com/en-GB/capitalgroupcareers/job/London/Product-Manager-Lead_JR6783?source=CGCareerSite&locationCountry=29247e57dbaf46fb855b224e03170bc7,https://capgroup.wd1.myworkdayjobs.com/en-GB/capitalgroupcareers?source=CGCareerSite&locationCountry=29247e57dbaf46fb855b224e03170bc7,Search for Jobs,false,2026-10-01T10:38:42,200,
Capital Group,Core Ops - Account Enablement Analyst,London,,Posted 24 Days Ago,https://capgroup.wd1.myworkdayjobs.com/en-GB/capitalgroupcareers/job/London/Core-Ops---Account-Enablement-Analyst_JR6937?source=CGCareerSite&locationCountry=29247e57dbaf46fb855b224e03170bc7,https://capgroup.wd1.myworkdayjobs.com/en-GB/capitalgroupcareers?source=CGCareerSite&locationCountry=29247e57dbaf46fb855b224e03170bc7,Search for Jobs,false,2026-10-01T10:38:42,200,
Capital Group,Software Development Engineer II,London,,Posted 27 Days Ago,https://capgroup.wd1.myworkdayjobs.com/en-GB/capitalgroupcareers/job/London/Software-Development-Engineer-II_JR6077?source=CGCareerSite&locationCountry=29247e57dbaf46fb855b224e03170bc7,https://capgroup.wd1.myworkdayjobs.com/en-GB/capitalgroupcareers?source=CGCareerSite&locationCountry=29247e57dbaf46fb855b224e03170bc7,Search for Jobs,false,2026-10-01T10:38:42,200,
Capital Group,CAP Summer Associate - Europe (2027),London,,Posted 30 Days Ago,https://capgroup.wd1.myworkdayjobs.com/en-GB/capitalgroupcareers/job/London/CAP-Summer-Associate---Europe--2027-_JR7201?source=CGCareerSite&locationCountry=29247e57dbaf46fb855b224e03170bc7,https://capgroup.wd1.myworkdayjobs.com/en-GB/capitalgroupcareers?source=CGCareerSite&locationCountry=29247e57dbaf46fb855b224e03170bc7,Search for Jobs,false,2026-10-01T10:38:42,200,
Capital Group,CAP Associate - Europe (2027),London,,Posted 30+ Days Ago,https://capgroup.wd1.myworkdayjobs.com/en-GB/capitalgroupcareers/job/London/CAP-Associate---Europe--2027-_JR7196?source=CGCareerSite&locationCountry=29247e57dbaf46fb855b224e03170bc7,https://capgroup.wd1.myworkdayjobs.com/en-GB/capitalgroupcareers?source=CGCareerSite&locationCountry=29247e57dbaf46fb855b224e03170bc7,Search for Jobs,false,2026-10-01T10:38:42,200,
Capital Group,Investment Risk Oversight Specialist,London,,Posted 30+ Days Ago,https://capgroup.wd1.myworkdayjobs.com/en-GB/capitalgroupcareers/job/London/Investment-Risk-Oversight-Specialist_JR7175?source=CGCareerSite&locationCountry=29247e57dbaf46fb855b224e03170bc7,https://capgroup.wd1.myworkdayjobs.com/en-GB/capitalgroupcareers?source=CGCareerSite&locationCountry=29247e57dbaf46fb855b224e03170bc7,Search for Jobs,false,2026-10-01T10:38:42,200,
Capital Group,Core Ops - Equity Trade Operations Analyst,London,,Posted 30+ Days Ago,https://capgroup.wd1.myworkdayjobs.com/en-GB/capitalgroupcareers/job/London/Core-Ops---Equity-Trade-Operations-Analyst_JR6822?source=CGCareerSite&locationCountry=29247e57dbaf46fb855b224e03170bc7,https://capgroup.wd1.myworkdayjobs.com/en-GB/capitalgroupcareers?source=CGCareerSite&locationCountry=29247e57dbaf46fb855b224e03170bc7,Search for Jobs,false,2026-10-01T10:38:42,200,
Capital Group,Results Analyst Senior,London,,Posted 30+ Days Ago,https://capgroup.wd1.myworkdayjobs.com/en-GB/capitalgroupcareers/job/London/Results-Analyst-Senior_JR6994?source=CGCareerSite&locationCountry=29247e57dbaf46fb855b224e03170bc7,https://capgroup.wd1.myworkdayjobs.com/en-GB/capitalgroupcareers?source=CGCareerSite&locationCountry=29247e57dbaf46fb855b224e03170bc7,Search for Jobs,false,2026-10-01T10:38:42,200,
Capital Group,Global Meetings Specialist Senior (12 month FTC),London,,Posted 30+ Days Ago,https://capgroup.wd1.myworkdayjobs.com/en-GB/capitalgroupcareers/job/London/Global-Meetings-Specialist-Senior--12-month-FTC-_JR7011?source=CGCareerSite&locationCountry=29247e57dbaf46fb855b224e03170bc7,https://capgroup.wd1.myworkdayjobs.com/en-GB/capitalgroupcareers?source=CGCareerSite&locationCountry=29247e57dbaf46fb855b224e03170bc7,Search for Jobs,false,2026-10-01T10:38:42,200,
Capital Group,Core Ops Reference Data Associate Senior,London,,Posted 30+ Days Ago,https://capgroup.wd1.myworkdayjobs.com/en-GB/capitalgroupcareers/job/London/Core-Ops-Reference-Data-Associate-Senior_JR6982?source=CGCareerSite&locationCountry=29247e57dbaf46fb855b224e03170bc7,https://capgroup.wd1.myworkdayjobs.com/en-GB/capitalgroupcareers?source=CGCareerSite&locationCountry=29247e57dbaf46fb855b224e03170bc7,Search for Jobs,false,2026-10-01T10:38:42,200,
Capital Group,Software Development Manager,London,,Posted 30+ Days Ago,https://capgroup.wd1.myworkdayjobs.com/en-GB/capitalgroupcareers/job/London/Software-Development-Manager_JR5913-1?source=CGCareerSite&locationCountry=29247e57dbaf46fb855b224e03170bc7,https://capgroup.wd1.myworkdayjobs.com/en-GB/capitalgroupcareers?source=CGCareerSite&locationCountry=29247e57dbaf46fb855b224e03170bc7,Search for Jobs,false,2026-10-01T10:38:42,200,
CCI,Data Science Machine Learning Internship (Summer 2027),"London, UK",,Posted 2 Days Ago,https://osv-cci.wd1.myworkdayjobs.com/en-US/CCICareers/job/London-UK/Data-Science-Machine-Learning-Internship--Summer-2027-_R1345?locations=f2015cfc02f00191c190c981a701650e,https://osv-cci.wd1.myworkdayjobs.com/CCICareers?locations=f2015cfc02f00191c190c981a701650e,Search for Jobs,false,2026-10-01T10:38:42,200,
CCI,Applied AI Engineer,"London, UK",,Posted 30+ Days Ago,https://osv-cci.wd1.myworkdayjobs.com/en-US/CCICareers/job/London-UK/Applied-AI-Engineer_R1349?locations=f2015cfc02f00191c190c981a701650e,https://osv-cci.wd1.myworkdayjobs.com/CCICareers?locations=f2015cfc02f00191c190c981a701650e,Search for Jobs,false,2026-10-01T10:38:42,200,
CCI,Hydrologist,"London, UK",,Posted 30+ Days Ago,https://osv-cci.wd1.myworkdayjobs.com/en-US/CCICareers/job/London-UK/Hydrologist_R1262?locations=f2015cfc02f00191c190c981a701650e,https://osv-cci.wd1.myworkdayjobs.com/CCICareers?locations=f2015cfc02f00191c190c981a701650e,Search for Jobs,false,2026-10-01T10:38:42,200,
Citadel,US Physical Gas Specialist,"Greenwich, Houston",,,https://www.citadel.com/careers/details/us-physical-gas-specialist/,https://www.citadel.com/careers/open-opportunities/investing/,Open Opportunities - Citadel,true,2026-10-01T10:38:42,200,
Citadel,Trader: Fixed Income & Macro Rotational Trader – Intern (US),"Greenwich, Miami, New York",,,https://www.citadel.com/careers/details/trader-fixed-income-macro-rotational-trader-intern-us/,https://www.citadel.com/careers/open-opportunities/investing/,Open Opportunities - Citadel,true,2026-10-01T10:38:42,200,
Citadel,Trader: Power & Renewables Trader – FlexPower (a Citadel company) – University Graduate (EMEA),Hamburg,,,https://www.citadel.com/careers/details/trader-power-renewables-trader-flexpower-a-citadel-company-university-graduate-emea/,https://www.citadel.com/careers/open-opportunities/investing/,Open Opportunities - Citadel,true,2026-10-01T10:38:42,200,
Citadel,Quantitative Trader: Equity Quantitative Research – University Graduate (US),New York,,,https://www.citadel.com/careers/details/quantitative-trader-equity-quantitative-research-university-graduate-us/,https://www.citadel.com/careers/open-opportunities/investing/,Open Opportunities - Citadel,true,2026-10-01T10:38:42,200,
Citadel,Quantitative Trader: Equity Quantitative Research – Intern (US),"Greenwich, Miami, New York",,,https://www.citadel.com/careers/details/quantitative-trader-equity-quantitative-research-intern-us/,https://www.citadel.com/careers/open-opportunities/investing/,Open Opportunities - Citadel,true,2026-10-01T10:38:42,200,
Citadel,"Sector Data Scientist, Central Team",New York,,,https://www.citadel.com/careers/details/sector-data-scientist-central-team/,https://www.citadel.com/careers/open-opportunities/investing/,Open Opportunities - Citadel,true,2026-10-01T10:38:42,200,
Citadel,Sector Data Analyst – Intern (Europe),London,,,https://www.citadel.com/careers/details/sector-data-analyst-intern-europe/,https://www.citadel.com/careers/open-opportunities/investing/,Open Opportunities - Citadel,true,2026-10-01T10:38:42,200,
Citadel,Sector Data Scientist – 2027 Intern (US),New York,,,https://www.citadel.com/careers/details/sector-data-scientist-2027-intern-us/,https://www.citadel.com/careers/open-opportunities/investing/,Open Opportunities - Citadel,true,2026-10-01T10:38:42,200,
Citadel,"Equities Investment Associate | Ashler Capital, Global Equities, Surveyor Capital",New York,,,https://www.citadel.com/careers/details/equities-investment-associate-ashler-capital-global-equities-surveyor-capital/,https://www.citadel.com/careers/open-opportunities/investing/,Open Opportunities - Citadel,true,2026-10-01T10:38:42,200,
Citadel,Investment & Trading – Intern (Europe),"London, Paris",,,https://www.citadel.com/careers/details/investment-trading-intern-europe/,https://www.citadel.com/careers/open-opportunities/investing/,Open Opportunities - Citadel,true,2026-10-01T10:38:42,200,
Citi,"Pan European Cash Equities Trader, Director","London, England, United Kingdom",,,https://jobs.citi.com/job/london/pan-european-cash-equities-trader-director/287/98742266880,https://jobs.citi.com/search-jobs/Marylebone%2C%20England%2C%20United%20Kingdom/287/4/2635167-6269131-2648110-3333218-6545170/51x52541/-0x16806/50/2,Job Search | Citi Careers,false,2026-10-01T10:38:42,200,
Citi,"Director, Head of Billing - Services","London, England, United Kingdom",,,https://jobs.citi.com/job/london/director-head-of-billing-services/287/101363011728,https://jobs.citi.com/search-jobs/Marylebone%2C%20England%2C%20United%20Kingdom/287/4/2635167-6269131-2648110-3333218-6545170/51x52541/-0x16806/50/2,Job Search | Citi Careers,false,2026-10-01T10:38:42,200,
Citi,"Investment Banking Senior Analyst, UK Banking","London, England, United Kingdom",,,https://jobs.citi.com/job/london/investment-banking-senior-analyst-uk-banking/287/101350253280,https://jobs.citi.com/search-jobs/Marylebone%2C%20England%2C%20United%20Kingdom/287/4/2635167-6269131-2648110-3333218-6545170/51x52541/-0x16806/50/2,Job Search | Citi Careers,false,2026-10-01T10:38:42,200,
Citi,Exotics Single Stocks Trader (Equities),"London, England, United Kingdom",,,https://jobs.citi.com/job/london/exotics-single-stocks-trader-equities/287/101320606208,https://jobs.citi.com/search-jobs/Marylebone%2C%20England%2C%20United%20Kingdom/287/4/2635167-6269131-2648110-3333218-6545170/51x52541/-0x16806/50/2,Job Search | Citi Careers,false,2026-10-01T10:38:42,200,
Citi,"Banking, Financing, Full Time Analyst, London - United Kingdom 2027 (Applicable for 2026 Citi Summer interns only)","London, England, United Kingdom",,,https://jobs.citi.com/job/london/banking-financing-full-time-analyst-london-united-kingdom-2027-applicable-for-2026-citi-summer-inte/287/100295995232,https://jobs.citi.com/search-jobs/Marylebone%2C%20England%2C%20United%20Kingdom/287/4/2635167-6269131-2648110-3333218-6545170/51x52541/-0x16806/50/2,Job Search | Citi Careers,false,2026-10-01T10:38:42,200,
Citi,"Banking, Investment Banking, Full Time Analyst, London – United Kingdom 2027 - (Applicable for 2026 Citi Summer interns only)","London, England, United Kingdom",,,https://jobs.citi.com/job/london/banking-investment-banking-full-time-analyst-london-united-kingdom-2027-applicable-for-2026-citi-su/287/100133501280,https://jobs.citi.com/search-jobs/Marylebone%2C%20England%2C%20United%20Kingdom/287/4/2635167-6269131-2648110-3333218-6545170/51x52541/-0x16806/50/2,Job Search | Citi Careers,false,2026-10-01T10:38:42,200,
Citi,Lead Software Engineer – Margin Technology - Vice President,"London, England, United Kingdom",,,https://jobs.citi.com/job/london/lead-software-engineer-margin-technology-vice-president/287/96862805376,https://jobs.citi.com/search-jobs/Marylebone%2C%20England%2C%20United%20Kingdom/287/4/2635167-6269131-2648110-3333218-6545170/51x52541/-0x16806/50/2,Job Search | Citi Careers,false,2026-10-01T10:38:42,200,
Citi,Senior FX Prime Brokerage and AI Engineer,"London, England, United Kingdom",,,https://jobs.citi.com/job/london/senior-fx-prime-brokerage-and-ai-engineer/287/101320641904,https://jobs.citi.com/search-jobs/Marylebone%2C%20England%2C%20United%20Kingdom/287/4/2635167-6269131-2648110-3333218-6545170/51x52541/-0x16806/50/2,Job Search | Citi Careers,false,2026-10-01T10:38:42,200,
Citi,Senior FX Cross Border Payments and AI Engineer - (VP),"London, England, United Kingdom",,,https://jobs.citi.com/job/london/senior-fx-cross-border-payments-and-ai-engineer-vp/287/101320641872,https://jobs.citi.com/search-jobs/Marylebone%2C%20England%2C%20United%20Kingdom/287/4/2635167-6269131-2648110-3333218-6545170/51x52541/-0x16806/50/2,Job Search | Citi Careers,false,2026-10-01T10:38:42,200,
Citi,Systematic Credit Trader,"London, England, United Kingdom",,,https://jobs.citi.com/job/london/systematic-credit-trader/287/101307526192,https://jobs.citi.com/search-jobs/Marylebone%2C%20England%2C%20United%20Kingdom/287/4/2635167-6269131-2648110-3333218-6545170/51x52541/-0x16806/50/2,Job Search | Citi Careers,false,2026-10-01T10:38:42,200,
Citi,"Sales Trader, Vice President","London, England, United Kingdom",,,https://jobs.citi.com/job/london/sales-trader-vice-president/287/101307515600,https://jobs.citi.com/search-jobs/Marylebone%2C%20England%2C%20United%20Kingdom/287/4/2635167-6269131-2648110-3333218-6545170/51x52541/-0x16806/50/2,Job Search | Citi Careers,false,2026-10-01T10:38:42,200,
Citi,Corporate Banking Senior Analyst – Natural Resources,"London, England, United Kingdom",,,https://jobs.citi.com/job/london/corporate-banking-senior-analyst-natural-resources/287/101307469328,https://jobs.citi.com/search-jobs/Marylebone%2C%20England%2C%20United%20Kingdom/287/4/2635167-6269131-2648110-3333218-6545170/51x52541/-0x16806/50/2,Job Search | Citi Careers,false,2026-10-01T10:38:42,200,
Citi,Stress Loss and Capital Specialist,"London, England, United Kingdom",,,https://jobs.citi.com/job/london/stress-loss-and-capital-specialist/287/101044127024,https://jobs.citi.com/search-jobs/Marylebone%2C%20England%2C%20United%20Kingdom/287/4/2635167-6269131-2648110-3333218-6545170/51x52541/-0x16806/50/2,Job Search | Citi Careers,false,2026-10-01T10:38:42,200,
Citi,Senior Executive Assistant,"London, England, United Kingdom",,,https://jobs.citi.com/job/london/senior-executive-assistant/287/100996418576,https://jobs.citi.com/search-jobs/Marylebone%2C%20England%2C%20United%20Kingdom/287/4/2635167-6269131-2648110-3333218-6545170/51x52541/-0x16806/50/2,Job Search | Citi Careers,false,2026-10-01T10:38:42,200,
Citi,"Senior Java Developer - Fixed Income Algo Technology, VP","London, England, United Kingdom",,,https://jobs.citi.com/job/london/senior-java-developer-fixed-income-algo-technology-vp/287/99413247936,https://jobs.citi.com/search-jobs/Marylebone%2C%20England%2C%20United%20Kingdom/287/4/2635167-6269131-2648110-3333218-6545170/51x52541/-0x16806/50/2,Job Search | Citi Careers,false,2026-10-01T10:38:42,200,
Credit Agricole,Praktikant/in im Bereich Global Markets - Corporate Sales (m/w/d),Allemagne FRANKFURT,,,https://jobs.ca-cib.com/offre-de-emploi/emploi-praktikant-in-im-bereich-global-markets-corporate-sales-m-w-d-_116005.aspx,https://jobs.ca-cib.com/job/list-of-jobs.aspx?changefacet=1&facet_Contract=-579,"Crédit Agricole CIB - Résultat de votre recherche (328 offres, page 1) / Tout afficher",true,2026-10-01T10:38:42,200,
Credit Agricole,M&A and ECM Analyst M/F,Etats-Unis d'Amérique NEW YORK,,,https://jobs.ca-cib.com/offre-de-emploi/emploi--m-a-and-ecm-analyst-m-f_116061.aspx,https://jobs.ca-cib.com/job/list-of-jobs.aspx?changefacet=1&facet_Contract=-579,"Crédit Agricole CIB - Résultat de votre recherche (328 offres, page 1) / Tout afficher",true,2026-10-01T10:38:42,200,
Credit Agricole,Investment Banking Analyst F/M,Brésil SAO PAULO,,,https://jobs.ca-cib.com/offre-de-emploi/emploi-investment-banking-analyst-f-m_116059.aspx,https://jobs.ca-cib.com/job/list-of-jobs.aspx?changefacet=1&facet_Contract=-579,"Crédit Agricole CIB - Résultat de votre recherche (328 offres, page 1) / Tout afficher",true,2026-10-01T10:38:42,200,
Credit Agricole,Domain architect of DAA,Singapour Singapour,,,https://jobs.ca-cib.com/offre-de-emploi/emploi-domain-architect-of-daa_116043.aspx,https://jobs.ca-cib.com/job/list-of-jobs.aspx?changefacet=1&facet_Contract=-579,"Crédit Agricole CIB - Résultat de votre recherche (328 offres, page 1) / Tout afficher",true,2026-10-01T10:38:42,200,
Credit Agricole,Head of Transformation – ISAP,Singapour Singapour,,,https://jobs.ca-cib.com/offre-de-emploi/emploi--head-of-transformation-isap_116042.aspx,https://jobs.ca-cib.com/job/list-of-jobs.aspx?changefacet=1&facet_Contract=-579,"Crédit Agricole CIB - Résultat de votre recherche (328 offres, page 1) / Tout afficher",true,2026-10-01T10:38:42,200,
Credit Agricole,"HR Officer, Permanent",Corée SEOUL,,,https://jobs.ca-cib.com/offre-de-emploi/emploi-hr-officer-permanent_116004.aspx,https://jobs.ca-cib.com/job/list-of-jobs.aspx?changefacet=1&facet_Contract=-579,"Crédit Agricole CIB - Résultat de votre recherche (328 offres, page 1) / Tout afficher",true,2026-10-01T10:38:42,200,
Credit Agricole,Contrôleur Dépositaire Middle Office Titrisation H/F,France Montrouge,,,https://jobs.ca-cib.com/offre-de-emploi/emploi-controleur-depositaire-middle-office-titrisation-h-f_112709.aspx,https://jobs.ca-cib.com/job/list-of-jobs.aspx?changefacet=1&facet_Contract=-579,"Crédit Agricole CIB - Résultat de votre recherche (328 offres, page 1) / Tout afficher",true,2026-10-01T10:38:42,200,
Credit Agricole,Ingénieur Data H/F,France Saint-Quentin en Yvelines,,,https://jobs.ca-cib.com/offre-de-emploi/emploi-ingenieur-data-h-f_110677.aspx,https://jobs.ca-cib.com/job/list-of-jobs.aspx?changefacet=1&facet_Contract=-579,"Crédit Agricole CIB - Résultat de votre recherche (328 offres, page 1) / Tout afficher",true,2026-10-01T10:38:42,200,
Credit Agricole,Sales Business Manager Assistant H/F,France Montrouge,,,https://jobs.ca-cib.com/offre-de-emploi/emploi-sales-business-manager-assistant-h-f_115003.aspx,https://jobs.ca-cib.com/job/list-of-jobs.aspx?changefacet=1&facet_Contract=-579,"Crédit Agricole CIB - Résultat de votre recherche (328 offres, page 1) / Tout afficher",true,2026-10-01T10:38:42,200,
Credit Agricole,Juriste Capital Markets H/F,France Montrouge,,,https://jobs.ca-cib.com/offre-de-emploi/emploi-juriste-capital-markets-h-f_115918.aspx,https://jobs.ca-cib.com/job/list-of-jobs.aspx?changefacet=1&facet_Contract=-579,"Crédit Agricole CIB - Résultat de votre recherche (328 offres, page 1) / Tout afficher",true,2026-10-01T10:38:42,200,
Credit Agricole,Assistant Chargé d'affaires financements structurées H/F,France Montrouge,,,https://jobs.ca-cib.com/offre-de-emploi/emploi-assistant-charge-d-affaires-financements-structurees-h-f_115046.aspx,https://jobs.ca-cib.com/job/list-of-jobs.aspx?changefacet=1&facet_Contract=-579,"Crédit Agricole CIB - Résultat de votre recherche (328 offres, page 1) / Tout afficher",true,2026-10-01T10:38:42,200,
Credit Agricole,12 Month Internship - EIG Portfolio Management,Royaume-Uni London,,,https://jobs.ca-cib.com/offre-de-emploi/emploi-12-month-internship-eig-portfolio-management_116036.aspx,https://jobs.ca-cib.com/job/list-of-jobs.aspx?changefacet=1&facet_Contract=-579,"Crédit Agricole CIB - Résultat de votre recherche (328 offres, page 1) / Tout afficher",true,2026-10-01T10:38:42,200,
Credit Agricole,Data Analyst Support H/F,France Montrouge,,,https://jobs.ca-cib.com/offre-de-emploi/emploi-data-analyst-support-h-f_110730.aspx,https://jobs.ca-cib.com/job/list-of-jobs.aspx?changefacet=1&facet_Contract=-579,"Crédit Agricole CIB - Résultat de votre recherche (328 offres, page 1) / Tout afficher",true,2026-10-01T10:38:42,200,
Credit Agricole,Data & Reporting Analyst H/F,France Montrouge,,,https://jobs.ca-cib.com/offre-de-emploi/emploi-data-reporting-analyst-h-f_115082.aspx,https://jobs.ca-cib.com/job/list-of-jobs.aspx?changefacet=1&facet_Contract=-579,"Crédit Agricole CIB - Résultat de votre recherche (328 offres, page 1) / Tout afficher",true,2026-10-01T10:38:42,200,
Credit Agricole,Trainee - Global Markets Division,Inde MUMBAI,,,https://jobs.ca-cib.com/offre-de-emploi/emploi-trainee-global-markets-division_116032.aspx,https://jobs.ca-cib.com/job/list-of-jobs.aspx?changefacet=1&facet_Contract=-579,"Crédit Agricole CIB - Résultat de votre recherche (328 offres, page 1) / Tout afficher",true,2026-10-01T10:38:42,200,
Credit Agricole,Auto - Titrisation - Analyste risque de crédit et de portefeuille H/F,France Montrouge,,,https://jobs.ca-cib.com/offre-de-emploi/emploi-auto-titrisation-analyste-risque-de-credit-et-de-portefeuille-h-f_115611.aspx,https://jobs.ca-cib.com/job/list-of-jobs.aspx?changefacet=1&facet_Contract=-579,"Crédit Agricole CIB - Résultat de votre recherche (328 offres, page 1) / Tout afficher",true,2026-10-01T10:38:42,200,
Credit Agricole,Trainee - Global Markets Division (Foreign Exchange and Interest Rates),Inde MUMBAI,,,https://jobs.ca-cib.com/offre-de-emploi/emploi-trainee-global-markets-division-foreign-exchange-and-interest-rates-_115317.aspx,https://jobs.ca-cib.com/job/list-of-jobs.aspx?changefacet=1&facet_Contract=-579,"Crédit Agricole CIB - Résultat de votre recherche (328 offres, page 1) / Tout afficher",true,2026-10-01T10:38:42,200,
Credit Agricole,Contrôleur Qualité des données risque Tiers et Groupes H/F,France Montrouge,,,https://jobs.ca-cib.com/offre-de-emploi/emploi-controleur-qualite-des-donnees-risque-tiers-et-groupes-h-f_114380.aspx,https://jobs.ca-cib.com/job/list-of-jobs.aspx?changefacet=1&facet_Contract=-579,"Crédit Agricole CIB - Résultat de votre recherche (328 offres, page 1) / Tout afficher",true,2026-10-01T10:38:42,200,
Credit Agricole,"Structured Financial Solutions Americas (SFS) Junior Originator, Associate",Etats-Unis d'Amérique NEW YORK,,,https://jobs.ca-cib.com/offre-de-emploi/emploi-structured-financial-solutions-americas-sfs-junior-originator-associate_115270.aspx,https://jobs.ca-cib.com/job/list-of-jobs.aspx?changefacet=1&facet_Contract=-579,"Crédit Agricole CIB - Résultat de votre recherche (328 offres, page 1) / Tout afficher",true,2026-10-01T10:38:42,200,
Credit Agricole,Chef de projet reportings réglementaires H/F,France Saint-Quentin-en-Yvelines,,,https://jobs.ca-cib.com/offre-de-emploi/emploi-chef-de-projet-reportings-reglementaires-h-f_107362.aspx,https://jobs.ca-cib.com/job/list-of-jobs.aspx?changefacet=1&facet_Contract=-579,"Crédit Agricole CIB - Résultat de votre recherche (328 offres, page 1) / Tout afficher",true,2026-10-01T10:38:42,200,
Credit Agricole,Analyste Data - Contrôle de la Qualité des Données Réglementaires H/F,France Saint-Quentin-en-Yvelines,,,https://jobs.ca-cib.com/offre-de-emploi/emploi-analyste-data-controle-de-la-qualite-des-donnees-reglementaires-h-f_107315.aspx,https://jobs.ca-cib.com/job/list-of-jobs.aspx?changefacet=1&facet_Contract=-579,"Crédit Agricole CIB - Résultat de votre recherche (328 offres, page 1) / Tout afficher",true,2026-10-01T10:38:42,200,
Credit Agricole,Business Analyst Reportings Réglementaires H/F,France Saint-Quentin-en-Yvelines,,,https://jobs.ca-cib.com/offre-de-emploi/emploi-business-analyst-reportings-reglementaires-h-f_112652.aspx,https://jobs.ca-cib.com/job/list-of-jobs.aspx?changefacet=1&facet_Contract=-579,"Crédit Agricole CIB - Résultat de votre recherche (328 offres, page 1) / Tout afficher",true,2026-10-01T10:38:42,200,
Credit Agricole,Manager innovation et data H/F,France Saint-Quentin-en-Yvelines,,,https://jobs.ca-cib.com/offre-de-emploi/emploi-manager-innovation-et-data-h-f_115513.aspx,https://jobs.ca-cib.com/job/list-of-jobs.aspx?changefacet=1&facet_Contract=-579,"Crédit Agricole CIB - Résultat de votre recherche (328 offres, page 1) / Tout afficher",true,2026-10-01T10:38:42,200,
Credit Agricole,Chargé(e) de surveillance des marchés financiers H/F,France Montrouge,,,https://jobs.ca-cib.com/offre-de-emploi/emploi-charge-e-de-surveillance-des-marches-financiers-h-f_109716.aspx,https://jobs.ca-cib.com/job/list-of-jobs.aspx?changefacet=1&facet_Contract=-579,"Crédit Agricole CIB - Résultat de votre recherche (328 offres, page 1) / Tout afficher",true,2026-10-01T10:38:42,200,
Credit Agricole,Juriste spécialisé en sanctions américaines H/F,France Montrouge,,,https://jobs.ca-cib.com/offre-de-emploi/emploi-juriste-specialise-en-sanctions-americaines-h-f_113497.aspx,https://jobs.ca-cib.com/job/list-of-jobs.aspx?changefacet=1&facet_Contract=-579,"Crédit Agricole CIB - Résultat de votre recherche (328 offres, page 1) / Tout afficher",true,2026-10-01T10:38:42,200,
Credit Agricole,Responsable Market Data Administration H/F,France Saint-Quentin-en-Yvelines,,,https://jobs.ca-cib.com/offre-de-emploi/emploi-responsable-market-data-administration-h-f_109437.aspx,https://jobs.ca-cib.com/job/list-of-jobs.aspx?changefacet=1&facet_Contract=-579,"Crédit Agricole CIB - Résultat de votre recherche (328 offres, page 1) / Tout afficher",true,2026-10-01T10:38:42,200,
Credit Agricole,Analyste Data Risques Environnementaux et Sociaux H/F,France Montrouge,,,https://jobs.ca-cib.com/offre-de-emploi/emploi-analyste-data-risques-environnementaux-et-sociaux-h-f_116028.aspx,https://jobs.ca-cib.com/job/list-of-jobs.aspx?changefacet=1&facet_Contract=-579,"Crédit Agricole CIB - Résultat de votre recherche (328 offres, page 1) / Tout afficher",true,2026-10-01T10:38:42,200,
Credit Agricole,Trader Repo / Secured Funding – Global Markets H/F,France Montrouge,,,https://jobs.ca-cib.com/offre-de-emploi/emploi-trader-repo-secured-funding-global-markets-h-f_116020.aspx,https://jobs.ca-cib.com/job/list-of-jobs.aspx?changefacet=1&facet_Contract=-579,"Crédit Agricole CIB - Résultat de votre recherche (328 offres, page 1) / Tout afficher",true,2026-10-01T10:38:42,200,
Credit Agricole,Chef de projet H/F,France Montrouge,,,https://jobs.ca-cib.com/offre-de-emploi/emploi-chef-de-projet-h-f_104783.aspx,https://jobs.ca-cib.com/job/list-of-jobs.aspx?changefacet=1&facet_Contract=-579,"Crédit Agricole CIB - Résultat de votre recherche (328 offres, page 1) / Tout afficher",true,2026-10-01T10:38:42,200,
Credit Agricole,Développeur DevOps H/F,France Montrouge,,,https://jobs.ca-cib.com/offre-de-emploi/emploi-developpeur-devops-h-f_116007.aspx,https://jobs.ca-cib.com/job/list-of-jobs.aspx?changefacet=1&facet_Contract=-579,"Crédit Agricole CIB - Résultat de votre recherche (328 offres, page 1) / Tout afficher",true,2026-10-01T10:38:42,200,
Credit Agricole,Assistant Juridique H/F,France Montrouge,,,https://jobs.ca-cib.com/offre-de-emploi/emploi-assistant-juridique-h-f_107885.aspx,https://jobs.ca-cib.com/job/list-of-jobs.aspx?changefacet=1&facet_Contract=-579,"Crédit Agricole CIB - Résultat de votre recherche (328 offres, page 1) / Tout afficher",true,2026-10-01T10:38:42,200,
Credit Agricole,"Analyst, GMD Credit and Legal Coordination",Hong-Kong HONG KONG,,,https://jobs.ca-cib.com/offre-de-emploi/emploi-analyst-gmd-credit-and-legal-coordination-_113729.aspx,https://jobs.ca-cib.com/job/list-of-jobs.aspx?changefacet=1&facet_Contract=-579,"Crédit Agricole CIB - Résultat de votre recherche (328 offres, page 1) / Tout afficher",true,2026-10-01T10:38:42,200,
Credit Agricole,US Analyst Global Markets,Etats-Unis d'Amérique NEW YORK,,,https://jobs.ca-cib.com/offre-de-emploi/emploi-us-analyst-global-markets_115941.aspx,https://jobs.ca-cib.com/job/list-of-jobs.aspx?changefacet=1&facet_Contract=-579,"Crédit Agricole CIB - Résultat de votre recherche (328 offres, page 1) / Tout afficher",true,2026-10-01T10:38:42,200,
Credit Agricole,Global Investment Banking Analyst M/F,Suède Stockholm,,,https://jobs.ca-cib.com/offre-de-emploi/emploi-global-investment-banking-analyst-m-f-_115374.aspx,https://jobs.ca-cib.com/job/list-of-jobs.aspx?changefacet=1&facet_Contract=-579,"Crédit Agricole CIB - Résultat de votre recherche (328 offres, page 1) / Tout afficher",true,2026-10-01T10:38:42,200,
Credit Agricole,Originateur Small Cap STRASBOURG H/F,France Strasbourg / Déplacements réguliers à prévoir,,,https://jobs.ca-cib.com/offre-de-emploi/emploi-originateur-small-cap-strasbourg-h-f_110802.aspx,https://jobs.ca-cib.com/job/list-of-jobs.aspx?changefacet=1&facet_Contract=-579,"Crédit Agricole CIB - Résultat de votre recherche (328 offres, page 1) / Tout afficher",true,2026-10-01T10:38:42,200,
Credit Agricole,"Front Office Analyst, Transaction Management – Houston","Etats-Unis d'Amérique Houston, TX",,,https://jobs.ca-cib.com/offre-de-emploi/emploi-front-office-analyst-transaction-management-houston-_115937.aspx,https://jobs.ca-cib.com/job/list-of-jobs.aspx?changefacet=1&facet_Contract=-579,"Crédit Agricole CIB - Résultat de votre recherche (328 offres, page 1) / Tout afficher",true,2026-10-01T10:38:42,200,
Credit Agricole,Compliance officer - Global Markets H/F,France Montrouge,,,https://jobs.ca-cib.com/offre-de-emploi/emploi-compliance-officer-global-markets-h-f_96256.aspx,https://jobs.ca-cib.com/job/list-of-jobs.aspx?changefacet=1&facet_Contract=-579,"Crédit Agricole CIB - Résultat de votre recherche (328 offres, page 1) / Tout afficher",true,2026-10-01T10:38:42,200,
Credit Agricole,Vice-Président — Debt Advisory H/F,France Montrouge,,,https://jobs.ca-cib.com/offre-de-emploi/emploi-vice-president-debt-advisory-h-f_112446.aspx,https://jobs.ca-cib.com/job/list-of-jobs.aspx?changefacet=1&facet_Contract=-579,"Crédit Agricole CIB - Résultat de votre recherche (328 offres, page 1) / Tout afficher",true,2026-10-01T10:38:42,200,
Credit Agricole,Assistant(e) Sales – Origination International Trade and Transaction Banking - Large French Clients H/F,France Montrouge,,,https://jobs.ca-cib.com/offre-de-emploi/emploi-assistant-e-sales-origination-international-trade-and-transaction-banking-large-french-clients-h-f_114122.aspx,https://jobs.ca-cib.com/job/list-of-jobs.aspx?changefacet=1&facet_Contract=-579,"Crédit Agricole CIB - Résultat de votre recherche (328 offres, page 1) / Tout afficher",true,2026-10-01T10:38:42,200,
Credit Agricole,US Analyst Corporate and Leveraged Finance - Fund Solutions Group North America,Etats-Unis d'Amérique NEW YORK,,,https://jobs.ca-cib.com/offre-de-emploi/emploi-us-analyst-corporate-and-leveraged-finance-fund-solutions-group-north-america_115993.aspx,https://jobs.ca-cib.com/job/list-of-jobs.aspx?changefacet=1&facet_Contract=-579,"Crédit Agricole CIB - Résultat de votre recherche (328 offres, page 1) / Tout afficher",true,2026-10-01T10:38:42,200,
Credit Agricole,Assistant Front Office - Aviation Group H/F,France Montrouge,,,https://jobs.ca-cib.com/offre-de-emploi/emploi-assistant-front-office-aviation-group-h-f_113906.aspx,https://jobs.ca-cib.com/job/list-of-jobs.aspx?changefacet=1&facet_Contract=-579,"Crédit Agricole CIB - Résultat de votre recherche (328 offres, page 1) / Tout afficher",true,2026-10-01T10:38:42,200,
Credit Agricole,Contrôleur Financier Marché H/F,France Montrouge,,,https://jobs.ca-cib.com/offre-de-emploi/emploi-controleur-financier-marche-h-f_112435.aspx,https://jobs.ca-cib.com/job/list-of-jobs.aspx?changefacet=1&facet_Contract=-579,"Crédit Agricole CIB - Résultat de votre recherche (328 offres, page 1) / Tout afficher",true,2026-10-01T10:38:42,200,
Credit Agricole,Delivery Leader Regulatory H/F,France Montrouge,,,https://jobs.ca-cib.com/offre-de-emploi/emploi-delivery-leader-regulatory-h-f_115982.aspx,https://jobs.ca-cib.com/job/list-of-jobs.aspx?changefacet=1&facet_Contract=-579,"Crédit Agricole CIB - Résultat de votre recherche (328 offres, page 1) / Tout afficher",true,2026-10-01T10:38:42,200,
Credit Agricole,Loan Sales ( Real assets ),Royaume-Uni London,,,https://jobs.ca-cib.com/offre-de-emploi/emploi-loan-sales-real-assets-_115967.aspx,https://jobs.ca-cib.com/job/list-of-jobs.aspx?changefacet=1&facet_Contract=-579,"Crédit Agricole CIB - Résultat de votre recherche (328 offres, page 1) / Tout afficher",true,2026-10-01T10:38:42,200,
Credit Agricole,Analyste Chargé d'affaires - Financements Structurés Immobiliers H/F,France Montrouge,,,https://jobs.ca-cib.com/offre-de-emploi/emploi-analyste-charge-d-affaires-financements-structures-immobiliers-h-f_115924.aspx,https://jobs.ca-cib.com/job/list-of-jobs.aspx?changefacet=1&facet_Contract=-579,"Crédit Agricole CIB - Résultat de votre recherche (328 offres, page 1) / Tout afficher",true,2026-10-01T10:38:42,200,
Credit Agricole,Delivery Lead Surveillance des Communications de marché H/F,France Montrouge,,,https://jobs.ca-cib.com/offre-de-emploi/emploi-delivery-lead-surveillance-des-communications-de-marche-h-f_97993.aspx,https://jobs.ca-cib.com/job/list-of-jobs.aspx?changefacet=1&facet_Contract=-579,"Crédit Agricole CIB - Résultat de votre recherche (328 offres, page 1) / Tout afficher",true,2026-10-01T10:38:42,200,
Credit Agricole,Responsable Middle-Office Collatéral Réconciliation H/F,France Saint-Quentin-en-Yvelines,,,https://jobs.ca-cib.com/offre-de-emploi/emploi-responsable-middle-office-collateral-reconciliation-h-f_107800.aspx,https://jobs.ca-cib.com/job/list-of-jobs.aspx?changefacet=1&facet_Contract=-579,"Crédit Agricole CIB - Résultat de votre recherche (328 offres, page 1) / Tout afficher",true,2026-10-01T10:38:42,200,
Credit Agricole,Responsable Middle Office Support Trading Equity H/F,France Montrouge,,,https://jobs.ca-cib.com/offre-de-emploi/emploi-responsable-middle-office-support-trading-equity-h-f_109076.aspx,https://jobs.ca-cib.com/job/list-of-jobs.aspx?changefacet=1&facet_Contract=-579,"Crédit Agricole CIB - Résultat de votre recherche (328 offres, page 1) / Tout afficher",true,2026-10-01T10:38:42,200,
Credit Agricole,Analyste Risques & Résultats - Equity Derivatives H/F,France Montrouge,,,https://jobs.ca-cib.com/offre-de-emploi/emploi-analyste-risques-resultats-equity-derivatives-h-f_112827.aspx,https://jobs.ca-cib.com/job/list-of-jobs.aspx?changefacet=1&facet_Contract=-579,"Crédit Agricole CIB - Résultat de votre recherche (328 offres, page 1) / Tout afficher",true,2026-10-01T10:38:42,200,
Credit Agricole,Analyste IPV Equity H/F,France Montrouge,,,https://jobs.ca-cib.com/offre-de-emploi/emploi-analyste-ipv-equity-h-f_112825.aspx,https://jobs.ca-cib.com/job/list-of-jobs.aspx?changefacet=1&facet_Contract=-579,"Crédit Agricole CIB - Résultat de votre recherche (328 offres, page 1) / Tout afficher",true,2026-10-01T10:38:42,200,
Credit Agricole,Originateur Small Cap LILLE H/F,France Lille / Déplacements réguliers à prévoir,,,https://jobs.ca-cib.com/offre-de-emploi/emploi-originateur-small-cap-lille-h-f_110804.aspx,https://jobs.ca-cib.com/job/list-of-jobs.aspx?changefacet=1&facet_Contract=-579,"Crédit Agricole CIB - Résultat de votre recherche (328 offres, page 1) / Tout afficher",true,2026-10-01T10:38:42,200,
Credit Agricole,Originateur Small Cap MONTPELLIER H/F,France Montpellier / Déplacements réguliers à prévoir,,,https://jobs.ca-cib.com/offre-de-emploi/emploi-originateur-small-cap-montpellier-h-f_110800.aspx,https://jobs.ca-cib.com/job/list-of-jobs.aspx?changefacet=1&facet_Contract=-579,"Crédit Agricole CIB - Résultat de votre recherche (328 offres, page 1) / Tout afficher",true,2026-10-01T10:38:42,200,
Credit Agricole,Analyste Coverage - Large French Corporates H/F,France Montrouge,,,https://jobs.ca-cib.com/offre-de-emploi/emploi-analyste-coverage-large-french-corporates-h-f_115325.aspx,https://jobs.ca-cib.com/job/list-of-jobs.aspx?changefacet=1&facet_Contract=-579,"Crédit Agricole CIB - Résultat de votre recherche (328 offres, page 1) / Tout afficher",true,2026-10-01T10:38:42,200,
Credit Agricole,Analyste Risques de Marché Consolidés H/F,France Montrouge,,,https://jobs.ca-cib.com/offre-de-emploi/emploi-analyste-risques-de-marche-consolides-h-f_114654.aspx,https://jobs.ca-cib.com/job/list-of-jobs.aspx?changefacet=1&facet_Contract=-579,"Crédit Agricole CIB - Résultat de votre recherche (328 offres, page 1) / Tout afficher",true,2026-10-01T10:38:42,200,
Credit Agricole,Analyste quantitatif H/F,France Montrouge,,,https://jobs.ca-cib.com/offre-de-emploi/emploi-analyste-quantitatif-h-f_114615.aspx,https://jobs.ca-cib.com/job/list-of-jobs.aspx?changefacet=1&facet_Contract=-579,"Crédit Agricole CIB - Résultat de votre recherche (328 offres, page 1) / Tout afficher",true,2026-10-01T10:38:42,200,
Credit Agricole,Analyste IPV Transverse - Fixed Income H/F,France Montrouge,,,https://jobs.ca-cib.com/offre-de-emploi/emploi-analyste-ipv-transverse-fixed-income-h-f_114017.aspx,https://jobs.ca-cib.com/job/list-of-jobs.aspx?changefacet=1&facet_Contract=-579,"Crédit Agricole CIB - Résultat de votre recherche (328 offres, page 1) / Tout afficher",true,2026-10-01T10:38:42,200,
Credit Agricole,Compliance Officer Assistant H/F,Italie Milan,,,https://jobs.ca-cib.com/offre-de-emploi/emploi-compliance-officer-assistant-h-f_113606.aspx,https://jobs.ca-cib.com/job/list-of-jobs.aspx?changefacet=1&facet_Contract=-579,"Crédit Agricole CIB - Résultat de votre recherche (328 offres, page 1) / Tout afficher",true,2026-10-01T10:38:42,200,
Credit Agricole,Analyste - Environmental Transition Group H/F,France Montrouge,,,https://jobs.ca-cib.com/offre-de-emploi/emploi-analyste-environmental-transition-group-h-f_115681.aspx,https://jobs.ca-cib.com/job/list-of-jobs.aspx?changefacet=1&facet_Contract=-579,"Crédit Agricole CIB - Résultat de votre recherche (328 offres, page 1) / Tout afficher",true,2026-10-01T10:38:42,200,
Credit Agricole,Structurer - GMD,Emirats Arabes Unis DUBAI,,,https://jobs.ca-cib.com/offre-de-emploi/emploi-structurer-gmd_115664.aspx,https://jobs.ca-cib.com/job/list-of-jobs.aspx?changefacet=1&facet_Contract=-579,"Crédit Agricole CIB - Résultat de votre recherche (328 offres, page 1) / Tout afficher",true,2026-10-01T10:38:42,200,
Credit Agricole,Summer Analyst – Global Markets Division,Etats-Unis d'Amérique NEW YORK,,,https://jobs.ca-cib.com/offre-de-emploi/emploi-summer-analyst-global-markets-division_115939.aspx,https://jobs.ca-cib.com/job/list-of-jobs.aspx?changefacet=1&facet_Contract=-579,"Crédit Agricole CIB - Résultat de votre recherche (328 offres, page 1) / Tout afficher",true,2026-10-01T10:38:42,200,
Credit Agricole,Chargé de Projets - Contrôle des Risques H/F,France Montrouge,,,https://jobs.ca-cib.com/offre-de-emploi/emploi-charge-de-projets-controle-des-risques-h-f_115925.aspx,https://jobs.ca-cib.com/job/list-of-jobs.aspx?changefacet=1&facet_Contract=-579,"Crédit Agricole CIB - Résultat de votre recherche (328 offres, page 1) / Tout afficher",true,2026-10-01T10:38:42,200,
Credit Agricole,Audit Intern (6-month contract),Hong-Kong HONG KONG,,,https://jobs.ca-cib.com/offre-de-emploi/emploi-audit-intern-6-month-contract-_115888.aspx,https://jobs.ca-cib.com/job/list-of-jobs.aspx?changefacet=1&facet_Contract=-579,"Crédit Agricole CIB - Résultat de votre recherche (328 offres, page 1) / Tout afficher",true,2026-10-01T10:38:42,200,
Credit Agricole,Praktikant/in im Bereich Sustainable Banking m/w/d,Allemagne FRANKFURT,,,https://jobs.ca-cib.com/offre-de-emploi/emploi-praktikant-in-im-bereich-sustainable-banking-m-w-d_115648.aspx,https://jobs.ca-cib.com/job/list-of-jobs.aspx?changefacet=1&facet_Contract=-579,"Crédit Agricole CIB - Résultat de votre recherche (328 offres, page 1) / Tout afficher",true,2026-10-01T10:38:42,200,
Credit Agricole,Analyste Risques ESG - Capital Naturel H/F,France Montrouge,,,https://jobs.ca-cib.com/offre-de-emploi/emploi-analyste-risques-esg-capital-naturel-h-f_115643.aspx,https://jobs.ca-cib.com/job/list-of-jobs.aspx?changefacet=1&facet_Contract=-579,"Crédit Agricole CIB - Résultat de votre recherche (328 offres, page 1) / Tout afficher",true,2026-10-01T10:38:42,200,
Credit Agricole,Information Security Analyst M/F,Japon TOKYO,,,https://jobs.ca-cib.com/offre-de-emploi/emploi-information-security-analyst-m-f_115637.aspx,https://jobs.ca-cib.com/job/list-of-jobs.aspx?changefacet=1&facet_Contract=-579,"Crédit Agricole CIB - Résultat de votre recherche (328 offres, page 1) / Tout afficher",true,2026-10-01T10:38:42,200,
Credit Agricole,Analyste ESG Advisory - Sustainable Banking H/F,France Montrouge,,,https://jobs.ca-cib.com/offre-de-emploi/emploi-analyste-esg-advisory-sustainable-banking-h-f_115632.aspx,https://jobs.ca-cib.com/job/list-of-jobs.aspx?changefacet=1&facet_Contract=-579,"Crédit Agricole CIB - Résultat de votre recherche (328 offres, page 1) / Tout afficher",true,2026-10-01T10:38:42,200,
Credit Agricole,Analyste Coverage H/F,France Lyon,,,https://jobs.ca-cib.com/offre-de-emploi/emploi-analyste-coverage-h-f_115631.aspx,https://jobs.ca-cib.com/job/list-of-jobs.aspx?changefacet=1&facet_Contract=-579,"Crédit Agricole CIB - Résultat de votre recherche (328 offres, page 1) / Tout afficher",true,2026-10-01T10:38:42,200,
Credit Agricole,Financements LBO & TMT - Analyste risque de crédit et de portefeuille H/F,France Montrouge,,,https://jobs.ca-cib.com/offre-de-emploi/emploi-financements-lbo-tmt-analyste-risque-de-credit-et-de-portefeuille-h-f_109973.aspx,https://jobs.ca-cib.com/job/list-of-jobs.aspx?changefacet=1&facet_Contract=-579,"Crédit Agricole CIB - Résultat de votre recherche (328 offres, page 1) / Tout afficher",true,2026-10-01T10:38:42,200,
Credit Agricole,"Analyste Risk Management ALM (liquidité, taux et change) H/F",France Montrouge,,,https://jobs.ca-cib.com/offre-de-emploi/emploi-analyste-risk-management-alm-liquidite-taux-et-change-h-f_112346.aspx,https://jobs.ca-cib.com/job/list-of-jobs.aspx?changefacet=1&facet_Contract=-579,"Crédit Agricole CIB - Résultat de votre recherche (328 offres, page 1) / Tout afficher",true,2026-10-01T10:38:42,200,
Credit Agricole,Gestionnaire en financements structurés H/F,France Saint Quentin en Yvelines,,,https://jobs.ca-cib.com/offre-de-emploi/emploi-gestionnaire-en-financements-structures-h-f_112047.aspx,https://jobs.ca-cib.com/job/list-of-jobs.aspx?changefacet=1&facet_Contract=-579,"Crédit Agricole CIB - Résultat de votre recherche (328 offres, page 1) / Tout afficher",true,2026-10-01T10:38:42,200,
Credit Agricole,Gestionnaire Expérimenté en Financements Structurés H/F,France Saint Quentin en Yvelines,,,https://jobs.ca-cib.com/offre-de-emploi/emploi-gestionnaire-experimente-en-financements-structures-h-f_112039.aspx,https://jobs.ca-cib.com/job/list-of-jobs.aspx?changefacet=1&facet_Contract=-579,"Crédit Agricole CIB - Résultat de votre recherche (328 offres, page 1) / Tout afficher",true,2026-10-01T10:38:42,200,
Credit Agricole,Sustainable Investment Banking,Emirats Arabes Unis DUBAI,,,https://jobs.ca-cib.com/offre-de-emploi/emploi-sustainable-investment-banking_115628.aspx,https://jobs.ca-cib.com/job/list-of-jobs.aspx?changefacet=1&facet_Contract=-579,"Crédit Agricole CIB - Résultat de votre recherche (328 offres, page 1) / Tout afficher",true,2026-10-01T10:38:42,200,
Credit Agricole,Business Support Group - Loans H/F,Espagne MADRID,,,https://jobs.ca-cib.com/offre-de-emploi/emploi-business-support-group-loans-h-f_115603.aspx,https://jobs.ca-cib.com/job/list-of-jobs.aspx?changefacet=1&facet_Contract=-579,"Crédit Agricole CIB - Résultat de votre recherche (328 offres, page 1) / Tout afficher",true,2026-10-01T10:38:42,200,
Credit Agricole,Business Analyst en Intelligence Artificielle H/F,France Montrouge,,,https://jobs.ca-cib.com/offre-de-emploi/emploi-business-analyst-en-intelligence-artificielle-h-f_115600.aspx,https://jobs.ca-cib.com/job/list-of-jobs.aspx?changefacet=1&facet_Contract=-579,"Crédit Agricole CIB - Résultat de votre recherche (328 offres, page 1) / Tout afficher",true,2026-10-01T10:38:42,200,
Credit Agricole,AI Innovation Analyst – Strategic Banking Applications H/F,France Montrouge,,,https://jobs.ca-cib.com/offre-de-emploi/emploi-ai-innovation-analyst-strategic-banking-applications-h-f_115494.aspx,https://jobs.ca-cib.com/job/list-of-jobs.aspx?changefacet=1&facet_Contract=-579,"Crédit Agricole CIB - Résultat de votre recherche (328 offres, page 1) / Tout afficher",true,2026-10-01T10:38:42,200,
Credit Agricole,Gestionnaire Conformité Projets H/F,France Montrouge,,,https://jobs.ca-cib.com/offre-de-emploi/emploi-gestionnaire-conformite-projets-h-f_115483.aspx,https://jobs.ca-cib.com/job/list-of-jobs.aspx?changefacet=1&facet_Contract=-579,"Crédit Agricole CIB - Résultat de votre recherche (328 offres, page 1) / Tout afficher",true,2026-10-01T10:38:42,200,
Credit Agricole,Administrateur/trice de prêts,Canada MONTREAL,,,https://jobs.ca-cib.com/offre-de-emploi/emploi-administrateur-trice-de-prets-_102374.aspx,https://jobs.ca-cib.com/job/list-of-jobs.aspx?changefacet=1&facet_Contract=-579,"Crédit Agricole CIB - Résultat de votre recherche (328 offres, page 1) / Tout afficher",true,2026-10-01T10:38:42,200,
Credit Agricole,Analyste en crédits commerciaux,Canada MONTREAL,,,https://jobs.ca-cib.com/offre-de-emploi/emploi-analyste-en-credits-commerciaux_115877.aspx,https://jobs.ca-cib.com/job/list-of-jobs.aspx?changefacet=1&facet_Contract=-579,"Crédit Agricole CIB - Résultat de votre recherche (328 offres, page 1) / Tout afficher",true,2026-10-01T10:38:42,200,
Credit Agricole,Business analyst confirmé(e) Moteurs de paiements H/F,France Montrouge,,,https://jobs.ca-cib.com/offre-de-emploi/emploi-business-analyst-confirme-e-moteurs-de-paiements-h-f_105622.aspx,https://jobs.ca-cib.com/job/list-of-jobs.aspx?changefacet=1&facet_Contract=-579,"Crédit Agricole CIB - Résultat de votre recherche (328 offres, page 1) / Tout afficher",true,2026-10-01T10:38:42,200,
Credit Agricole,International Business Development Analyst,Allemagne FRANKFURT,,,https://jobs.ca-cib.com/offre-de-emploi/emploi-international-business-development-analyst_109846.aspx,https://jobs.ca-cib.com/job/list-of-jobs.aspx?changefacet=1&facet_Contract=-579,"Crédit Agricole CIB - Résultat de votre recherche (328 offres, page 1) / Tout afficher",true,2026-10-01T10:38:42,200,
Credit Agricole,Process & Change Manager Middle-Office Collatéral H/F,France Saint-Quentin-en-Yvelines,,,https://jobs.ca-cib.com/offre-de-emploi/emploi-process-change-manager-middle-office-collateral-h-f_113131.aspx,https://jobs.ca-cib.com/job/list-of-jobs.aspx?changefacet=1&facet_Contract=-579,"Crédit Agricole CIB - Résultat de votre recherche (328 offres, page 1) / Tout afficher",true,2026-10-01T10:38:42,200,
Credit Agricole,Human Resources Generalist,Espagne MADRID,,,https://jobs.ca-cib.com/offre-de-emploi/emploi-human-resources-generalist_112974.aspx,https://jobs.ca-cib.com/job/list-of-jobs.aspx?changefacet=1&facet_Contract=-579,"Crédit Agricole CIB - Résultat de votre recherche (328 offres, page 1) / Tout afficher",true,2026-10-01T10:38:42,200,
Credit Agricole,"Analyste Résultat, Risques de Marché et Liquidité périmètre Trésorerie H/F",France Montrouge,,,https://jobs.ca-cib.com/offre-de-emploi/emploi-analyste-resultat-risques-de-marche-et-liquidite-perimetre-tresorerie-h-f_112937.aspx,https://jobs.ca-cib.com/job/list-of-jobs.aspx?changefacet=1&facet_Contract=-579,"Crédit Agricole CIB - Résultat de votre recherche (328 offres, page 1) / Tout afficher",true,2026-10-01T10:38:42,200,
Credit Agricole,Développeur Java/ReactJS Cash Management H/F,France Saint-Quentin-en-Yvelines,,,https://jobs.ca-cib.com/offre-de-emploi/emploi-developpeur-java-reactjs-cash-management-h-f_111756.aspx,https://jobs.ca-cib.com/job/list-of-jobs.aspx?changefacet=1&facet_Contract=-579,"Crédit Agricole CIB - Résultat de votre recherche (328 offres, page 1) / Tout afficher",true,2026-10-01T10:38:42,200,
Credit Agricole,Développeur Java Cash Management H/F,France Saint-Quentin-en-Yvelines,,,https://jobs.ca-cib.com/offre-de-emploi/emploi-developpeur-java-cash-management-h-f-_111755.aspx,https://jobs.ca-cib.com/job/list-of-jobs.aspx?changefacet=1&facet_Contract=-579,"Crédit Agricole CIB - Résultat de votre recherche (328 offres, page 1) / Tout afficher",true,2026-10-01T10:38:42,200,
Credit Agricole,SENIOR DEV MAINFRAME H/F,France Saint-Quentin-en-Yvelines,,,https://jobs.ca-cib.com/offre-de-emploi/emploi-senior-dev-mainframe-h-f_111744.aspx,https://jobs.ca-cib.com/job/list-of-jobs.aspx?changefacet=1&facet_Contract=-579,"Crédit Agricole CIB - Résultat de votre recherche (328 offres, page 1) / Tout afficher",true,2026-10-01T10:38:42,200,
Credit Agricole,TECH LEAD MAINFRAME H/F,France Saint-Quentin-en-Yvelines,,,https://jobs.ca-cib.com/offre-de-emploi/emploi-tech-lead-mainframe-h-f_111251.aspx,https://jobs.ca-cib.com/job/list-of-jobs.aspx?changefacet=1&facet_Contract=-579,"Crédit Agricole CIB - Résultat de votre recherche (328 offres, page 1) / Tout afficher",true,2026-10-01T10:38:42,200,
Credit Agricole,Responsable Middle Office Trésorerie,France Montrouge,,,https://jobs.ca-cib.com/offre-de-emploi/emploi-responsable-middle-office-tresorerie_110908.aspx,https://jobs.ca-cib.com/job/list-of-jobs.aspx?changefacet=1&facet_Contract=-579,"Crédit Agricole CIB - Résultat de votre recherche (328 offres, page 1) / Tout afficher",true,2026-10-01T10:38:42,200,
Credit Agricole,Assistant ECM H/F,France Montrouge,,,https://jobs.ca-cib.com/offre-de-emploi/emploi-assistant-ecm-h-f_115291.aspx,https://jobs.ca-cib.com/job/list-of-jobs.aspx?changefacet=1&facet_Contract=-579,"Crédit Agricole CIB - Résultat de votre recherche (328 offres, page 1) / Tout afficher",true,2026-10-01T10:38:42,200,
Credit Agricole,Praktikant/in im Bereich International Trade & Transaction Banking m/w/d,Allemagne FRANKFURT,,,https://jobs.ca-cib.com/offre-de-emploi/emploi-praktikant-in-im-bereich-international-trade-transaction-banking-m-w-d_115255.aspx,https://jobs.ca-cib.com/job/list-of-jobs.aspx?changefacet=1&facet_Contract=-579,"Crédit Agricole CIB - Résultat de votre recherche (328 offres, page 1) / Tout afficher",true,2026-10-01T10:38:42,200,
Credit Agricole,"Analyste Résultat, Risques de Marché et Liquidité - périmètre Sous-traitance ALM H/F",France Montrouge,,,https://jobs.ca-cib.com/offre-de-emploi/emploi-analyste-resultat-risques-de-marche-et-liquidite-perimetre-sous-traitance-alm-h-f_115129.aspx,https://jobs.ca-cib.com/job/list-of-jobs.aspx?changefacet=1&facet_Contract=-579,"Crédit Agricole CIB - Résultat de votre recherche (328 offres, page 1) / Tout afficher",true,2026-10-01T10:38:42,200,
Credit Agricole,Analyste risque de crédit et de portefeuille - Secteur Transport H/F,France Montrouge,,,https://jobs.ca-cib.com/offre-de-emploi/emploi-analyste-risque-de-credit-et-de-portefeuille-secteur-transport-h-f_114327.aspx,https://jobs.ca-cib.com/job/list-of-jobs.aspx?changefacet=1&facet_Contract=-579,"Crédit Agricole CIB - Résultat de votre recherche (328 offres, page 1) / Tout afficher",true,2026-10-01T10:38:42,200,
Credit Agricole,Middle Officer Support Trading Equity,Etats-Unis d'Amérique NEW YORK,,,https://jobs.ca-cib.com/offre-de-emploi/emploi-middle-officer-support-trading-equity_115869.aspx,https://jobs.ca-cib.com/job/list-of-jobs.aspx?changefacet=1&facet_Contract=-579,"Crédit Agricole CIB - Résultat de votre recherche (328 offres, page 1) / Tout afficher",true,2026-10-01T10:38:42,200,
Credit Agricole,IRD Trade Support Middle Office,Etats-Unis d'Amérique NEW YORK,,,https://jobs.ca-cib.com/offre-de-emploi/emploi-ird-trade-support-middle-office_115868.aspx,https://jobs.ca-cib.com/job/list-of-jobs.aspx?changefacet=1&facet_Contract=-579,"Crédit Agricole CIB - Résultat de votre recherche (328 offres, page 1) / Tout afficher",true,2026-10-01T10:38:42,200,
Credit Agricole,Gestionnaire Sécurité des Flux Réseaux et IA H/F,France Montrouge,,,https://jobs.ca-cib.com/offre-de-emploi/emploi-gestionnaire-securite-des-flux-reseaux-et-ia-h-f_115597.aspx,https://jobs.ca-cib.com/job/list-of-jobs.aspx?changefacet=1&facet_Contract=-579,"Crédit Agricole CIB - Résultat de votre recherche (328 offres, page 1) / Tout afficher",true,2026-10-01T10:38:42,200,
Credit Agricole,"Trainee, Market Risk Management (One Year Contract)",Hong-Kong HONG KONG,,,https://jobs.ca-cib.com/offre-de-emploi/emploi-trainee-market-risk-management-one-year-contract-_115850.aspx,https://jobs.ca-cib.com/job/list-of-jobs.aspx?changefacet=1&facet_Contract=-579,"Crédit Agricole CIB - Résultat de votre recherche (328 offres, page 1) / Tout afficher",true,2026-10-01T10:38:42,200,
Credit Agricole,"Associate, IT User Support",Hong-Kong HONG KONG,,,https://jobs.ca-cib.com/offre-de-emploi/emploi-associate-it-user-support-_115403.aspx,https://jobs.ca-cib.com/job/list-of-jobs.aspx?changefacet=1&facet_Contract=-579,"Crédit Agricole CIB - Résultat de votre recherche (328 offres, page 1) / Tout afficher",true,2026-10-01T10:38:42,200,
Credit Agricole,Chargé d'affaires Capital Markets – Coordination Groupe,France Montrouge,,,https://jobs.ca-cib.com/offre-de-emploi/emploi-charge-d-affaires-capital-markets-coordination-groupe_111203.aspx,https://jobs.ca-cib.com/job/list-of-jobs.aspx?changefacet=1&facet_Contract=-579,"Crédit Agricole CIB - Résultat de votre recherche (328 offres, page 1) / Tout afficher",true,2026-10-01T10:38:42,200,
Credit Agricole,Assistant(e) Sécurité et Sureté à l'international H/F,France Montrouge,,,https://jobs.ca-cib.com/offre-de-emploi/emploi-assistant-e-securite-et-surete-a-l-international-h-f_115428.aspx,https://jobs.ca-cib.com/job/list-of-jobs.aspx?changefacet=1&facet_Contract=-579,"Crédit Agricole CIB - Résultat de votre recherche (328 offres, page 1) / Tout afficher",true,2026-10-01T10:38:42,200,
DE Shaw,Receptionist (Singapore),Singapore,Administration,,https://www.deshaw.com/careers/receptionist-singapore-6012,https://www.deshaw.com/careers/career-development,Careers - The D. E. Shaw Group,false,2026-10-01T10:38:42,200,
DE Shaw,Quantitative Analyst Intern (New York) – Summer 2027,New York,Quantitative Strategies,,,https://www.deshaw.com/careers/career-development,Careers - The D. E. Shaw Group,false,2026-10-01T10:38:42,200,
DE Shaw,"Quantitative Analyst, Ph.D. Intern (New York) – Summer 2027",New York,Quantitative Strategies,,,https://www.deshaw.com/careers/career-development,Careers - The D. E. Shaw Group,false,2026-10-01T10:38:42,200,
DE Shaw,Software Developer Intern (New York) – Summer 2027,New York,Software Development,,,https://www.deshaw.com/careers/career-development,Careers - The D. E. Shaw Group,false,2026-10-01T10:38:42,200,
DE Shaw,"Software Developer, Ph.D. Intern (New York) – Summer 2027",New York,Software Development,,,https://www.deshaw.com/careers/career-development,Careers - The D. E. Shaw Group,false,2026-10-01T10:38:42,200,
DE Shaw,Internal Communications Associate,New York,Communications,,https://www.deshaw.com/careers/internal-communications-associate-5902,https://www.deshaw.com/careers/career-development,Careers - The D. E. Shaw Group,false,2026-10-01T10:38:42,200,
DE Shaw,Thought Leadership Associate – External Communications,New York,Communications,,https://www.deshaw.com/careers/thought-leadership-associate-external-communications-5773,https://www.deshaw.com/careers/career-development,Careers - The D. E. Shaw Group,false,2026-10-01T10:38:42,200,
DE Shaw,Thought Leadership Associate — Hedge Fund Portfolio Strategy,New York,Communications,,https://www.deshaw.com/careers/thought-leadership-associate-hedge-fund-portfolio-strategy-5999,https://www.deshaw.com/careers/career-development,Careers - The D. E. Shaw Group,false,2026-10-01T10:38:42,200,
DE Shaw,Associate - Firmwide Technology Management,New York,COO Group,,https://www.deshaw.com/careers/associate-firmwide-technology-management-5886,https://www.deshaw.com/careers/career-development,Careers - The D. E. Shaw Group,false,2026-10-01T10:38:42,200,
DE Shaw,COO Group Associate,New York,COO Group,,https://www.deshaw.com/careers/coo-group-associate-5258,https://www.deshaw.com/careers/career-development,Careers - The D. E. Shaw Group,false,2026-10-01T10:38:42,200,
DE Shaw,Product Designer,New York,Design and Experience,,https://www.deshaw.com/careers/product-designer-5994,https://www.deshaw.com/careers/career-development,Careers - The D. E. Shaw Group,false,2026-10-01T10:38:42,200,
DE Shaw,"Executive Assistant - Senior Support (Non-Traditional, 6-Month LTA)",New York,Executive Assistance,,https://www.deshaw.com/careers/executive-assistant-senior-support-non-traditional-6-month-lta-5720,https://www.deshaw.com/careers/career-development,Careers - The D. E. Shaw Group,false,2026-10-01T10:38:42,200,
DE Shaw,"Executive Assistant - Senior Support (Traditional, 6-Month LTA)",New York,Executive Assistance,,https://www.deshaw.com/careers/executive-assistant-senior-support-traditional-6-month-lta-5719,https://www.deshaw.com/careers/career-development,Careers - The D. E. Shaw Group,false,2026-10-01T10:38:42,200,
DE Shaw,Senior Executive Assistant,New York,Executive Assistance,,https://www.deshaw.com/careers/senior-executive-assistant-5721,https://www.deshaw.com/careers/career-development,Careers - The D. E. Shaw Group,false,2026-10-01T10:38:42,200,
DE Shaw,Senior Executive Assistant - Executive Support,New York,Executive Assistance,,https://www.deshaw.com/careers/senior-executive-assistant-executive-support-5718,https://www.deshaw.com/careers/career-development,Careers - The D. E. Shaw Group,false,2026-10-01T10:38:42,200,
DE Shaw,Financial Analysis & Reporting Associate,New York,Financial Operations / Strategy and Business Development,,https://www.deshaw.com/careers/financial-analysis-reporting-associate-5920,https://www.deshaw.com/careers/career-development,Careers - The D. E. Shaw Group,false,2026-10-01T10:38:42,200,
DE Shaw,Financial Analysis & Reporting Senior Manager,New York,Financial Operations / Strategy and Business Development,,https://www.deshaw.com/careers/financial-analysis-reporting-senior-manager-5919,https://www.deshaw.com/careers/career-development,Careers - The D. E. Shaw Group,false,2026-10-01T10:38:42,200,
DE Shaw,Management Company Accounting Associate,New York,Financial Operations,,https://www.deshaw.com/careers/management-company-accounting-associate-6067,https://www.deshaw.com/careers/career-development,Careers - The D. E. Shaw Group,false,2026-10-01T10:38:42,200,
DE Shaw,Management Company Accounting Senior Associate,New York,Financial Operations,,https://www.deshaw.com/careers/management-company-accounting-senior-associate-6052,https://www.deshaw.com/careers/career-development,Careers - The D. E. Shaw Group,false,2026-10-01T10:38:42,200,
DE Shaw,Management Reporting and Compensation Associate,New York,Financial Operations,,https://www.deshaw.com/careers/management-reporting-and-compensation-associate-5952,https://www.deshaw.com/careers/career-development,Careers - The D. E. Shaw Group,false,2026-10-01T10:38:42,200,
DE Shaw,"MBOSS Strategy and Execution Lead, Financial Operations",New York,Financial Operations,,https://www.deshaw.com/careers/mboss-strategy-and-execution-lead-financial-operations-5892,https://www.deshaw.com/careers/career-development,Careers - The D. E. Shaw Group,false,2026-10-01T10:38:42,200,
DE Shaw,"Senior Associate, Global Middle Office - Financial Operations",New York,Financial Operations,,https://www.deshaw.com/careers/senior-associate-global-middle-office-financial-operations-5481,https://www.deshaw.com/careers/career-development,Careers - The D. E. Shaw Group,false,2026-10-01T10:38:42,200,
DE Shaw,"Senior Associate, Management Reporting",New York,Financial Operations,,https://www.deshaw.com/careers/senior-associate-management-reporting-5953,https://www.deshaw.com/careers/career-development,Careers - The D. E. Shaw Group,false,2026-10-01T10:38:42,200,
DE Shaw,Firmwide Market Data Specialist,New York,Financial Research,,https://www.deshaw.com/careers/firmwide-market-data-specialist-6049,https://www.deshaw.com/careers/career-development,Careers - The D. E. Shaw Group,false,2026-10-01T10:38:42,200,
DE Shaw,Fundamental Equities – AI Product Analyst (Denver),Denver,Financial Research,,https://www.deshaw.com/careers/fundamental-equities-ai-product-analyst-denver-5656,https://www.deshaw.com/careers/career-development,Careers - The D. E. Shaw Group,false,2026-10-01T10:38:42,200,
DE Shaw,Strategic Intelligence: Software & AI Research Analyst (Denver),Denver,Financial Research,,https://www.deshaw.com/careers/strategic-intelligence-software-ai-research-analyst-denver-5647,https://www.deshaw.com/careers/career-development,Careers - The D. E. Shaw Group,false,2026-10-01T10:38:42,200,
DE Shaw,External Writing Coach (Contractor – Intermittent Services),New York,Human Capital,,https://www.deshaw.com/careers/external-writing-coach-contractor-intermittent-services-5951,https://www.deshaw.com/careers/career-development,Careers - The D. E. Shaw Group,false,2026-10-01T10:38:42,200,
DE Shaw,Human Capital - Product Operations Associate,New York,Human Capital / Technology,,https://www.deshaw.com/careers/human-capital-product-operations-associate-6062,https://www.deshaw.com/careers/career-development,Careers - The D. E. Shaw Group,false,2026-10-01T10:38:42,200,
DE Shaw,Human Capital Analytics Developer,New York,Human Capital,,https://www.deshaw.com/careers/human-capital-analytics-developer-5794,https://www.deshaw.com/careers/career-development,Careers - The D. E. Shaw Group,false,2026-10-01T10:38:42,200,
DE Shaw,Learning & Development Specialist,New York,Human Capital,,https://www.deshaw.com/careers/learning-development-specialist-5911,https://www.deshaw.com/careers/career-development,Careers - The D. E. Shaw Group,false,2026-10-01T10:38:42,200,
DE Shaw,Product Manager – Data Warehouse,New York,Human Capital,,https://www.deshaw.com/careers/product-manager-data-warehouse-6032,https://www.deshaw.com/careers/career-development,Careers - The D. E. Shaw Group,false,2026-10-01T10:38:42,200,
DE Shaw,Professional and Technical Writing Coach (Full-time),New York,Human Capital,,https://www.deshaw.com/careers/professional-and-technical-writing-coach-full-time-5950,https://www.deshaw.com/careers/career-development,Careers - The D. E. Shaw Group,false,2026-10-01T10:38:42,200,
DE Shaw,Recruiting Coordinator (2-year LTA),New York,Human Capital,,https://www.deshaw.com/careers/recruiting-coordinator-2-year-lta-5369,https://www.deshaw.com/careers/career-development,Careers - The D. E. Shaw Group,false,2026-10-01T10:38:42,200,
DE Shaw,Researcher - People Analytics,New York,Human Capital,,https://www.deshaw.com/careers/researcher-people-analytics-5791,https://www.deshaw.com/careers/career-development,Careers - The D. E. Shaw Group,false,2026-10-01T10:38:42,200,
DE Shaw,Senior AI Engineer – Human Capital,New York,Human Capital,,https://www.deshaw.com/careers/senior-ai-engineer-human-capital-5841,https://www.deshaw.com/careers/career-development,Careers - The D. E. Shaw Group,false,2026-10-01T10:38:42,200,
DE Shaw,DESIM Technical Strategist Associate,New York,Investment Analysis,,https://www.deshaw.com/careers/desim-technical-strategist-associate-5830,https://www.deshaw.com/careers/career-development,Careers - The D. E. Shaw Group,false,2026-10-01T10:38:42,200,
DE Shaw,Chief of Staff Associate – Investor Relations,New York,Investor Relations,,https://www.deshaw.com/careers/chief-of-staff-associate-investor-relations-6061,https://www.deshaw.com/careers/career-development,Careers - The D. E. Shaw Group,false,2026-10-01T10:38:42,200,
DE Shaw,Sales and Relationship Management Associate (New York),New York,Investor Relations,,https://www.deshaw.com/careers/sales-and-relationship-management-associate-new-york-6039,https://www.deshaw.com/careers/career-development,Careers - The D. E. Shaw Group,false,2026-10-01T10:38:42,200,
DE Shaw,Compliance Analyst,New York,Legal & Compliance,,https://www.deshaw.com/careers/compliance-analyst-5722,https://www.deshaw.com/careers/career-development,Careers - The D. E. Shaw Group,false,2026-10-01T10:38:42,200,
DE Shaw,Compliance Officer,New York,Legal & Compliance,,https://www.deshaw.com/careers/compliance-officer-6021,https://www.deshaw.com/careers/career-development,Careers - The D. E. Shaw Group,false,2026-10-01T10:38:42,200,
DE Shaw,Executive Compensation and Employee Benefits Attorney,New York,Legal & Compliance,,https://www.deshaw.com/careers/executive-compensation-and-employee-benefits-attorney-5895,https://www.deshaw.com/careers/career-development,Careers - The D. E. Shaw Group,false,2026-10-01T10:38:42,200,
DE Shaw,Legal Analyst,New York,Legal & Compliance,,https://www.deshaw.com/careers/legal-analyst-6027,https://www.deshaw.com/careers/career-development,Careers - The D. E. Shaw Group,false,2026-10-01T10:38:42,200,
DE Shaw,Legal Analyst and Contract Negotiator (London),London,Legal & Compliance,,https://www.deshaw.com/careers/legal-analyst-and-contract-negotiator-london-6030,https://www.deshaw.com/careers/career-development,Careers - The D. E. Shaw Group,false,2026-10-01T10:38:42,200,
DE Shaw,Cove Private Equity Deal Origination Specialist,New York,Private Equity Platform,,https://www.deshaw.com/careers/cove-private-equity-deal-origination-specialist-6048,https://www.deshaw.com/careers/career-development,Careers - The D. E. Shaw Group,false,2026-10-01T10:38:42,200,
DE Shaw,Ventures Platform Associate (Denver),Denver,Professional Services,,https://www.deshaw.com/careers/ventures-platform-associate-denver-6047,https://www.deshaw.com/careers/career-development,Careers - The D. E. Shaw Group,false,2026-10-01T10:38:42,200,
DE Shaw,Applied AI Engineer,New York,Quantitative Strategies / Technology,,https://www.deshaw.com/careers/applied-ai-engineer-5375,https://www.deshaw.com/careers/career-development,Careers - The D. E. Shaw Group,false,2026-10-01T10:38:42,200,
DE Shaw,Machine Learning Researcher,New York,Quantitative Strategies,,https://www.deshaw.com/careers/machine-learning-researcher-4954,https://www.deshaw.com/careers/career-development,Careers - The D. E. Shaw Group,false,2026-10-01T10:38:42,200,
DE Shaw,Product Manager — AI Vendor Tools,New York,Quantitative Strategies / Technology,,https://www.deshaw.com/careers/product-manager-ai-vendor-tools-5910,https://www.deshaw.com/careers/career-development,Careers - The D. E. Shaw Group,false,2026-10-01T10:38:42,200,
DE Shaw,Quantitative Analyst,New York,Quantitative Strategies,,https://www.deshaw.com/careers/quantitative-analyst-2636,https://www.deshaw.com/careers/career-development,Careers - The D. E. Shaw Group,false,2026-10-01T10:38:42,200,
DE Shaw,Software Developer,New York,Quantitative Strategies,,https://www.deshaw.com/careers/software-developer-2646,https://www.deshaw.com/careers/career-development,Careers - The D. E. Shaw Group,false,2026-10-01T10:38:42,200,
DE Shaw,Systems: Cloud Engineer,New York,Quantitative Strategies,,https://www.deshaw.com/careers/systems-cloud-engineer-5983,https://www.deshaw.com/careers/career-development,Careers - The D. E. Shaw Group,false,2026-10-01T10:38:42,200,
DE Shaw,Systems: Network Reliability Engineer,New York,Quantitative Strategies,,https://www.deshaw.com/careers/systems-network-reliability-engineer-6004,https://www.deshaw.com/careers/career-development,Careers - The D. E. Shaw Group,false,2026-10-01T10:38:42,200,
DE Shaw,Technical Product Manager - Macro,New York,Quantitative Strategies / Software Development / Technology,,https://www.deshaw.com/careers/technical-product-manager-macro-5937,https://www.deshaw.com/careers/career-development,Careers - The D. E. Shaw Group,false,2026-10-01T10:38:42,200,
DE Shaw,Full-Stack Software Engineer,New York,Software Development / Technology,,https://www.deshaw.com/careers/full-stack-software-engineer-5871,https://www.deshaw.com/careers/career-development,Careers - The D. E. Shaw Group,false,2026-10-01T10:38:42,200,
DE Shaw,Software Developer: Developer Experience,New York,Software Development / Technology,,https://www.deshaw.com/careers/software-developer-developer-experience-5866,https://www.deshaw.com/careers/career-development,Careers - The D. E. Shaw Group,false,2026-10-01T10:38:42,200,
DE Shaw,Rotational Associates Program,New York,Strategy and Business Development,,https://www.deshaw.com/careers/rotational-associates-program-6020,https://www.deshaw.com/careers/career-development,Careers - The D. E. Shaw Group,false,2026-10-01T10:38:42,200,
DE Shaw,Strategy and Business Development Associate – Commercial Data Insights,New York,Strategy and Business Development,,https://www.deshaw.com/careers/strategy-and-business-development-associate-commercial-data-insights-5785,https://www.deshaw.com/careers/career-development,Careers - The D. E. Shaw Group,false,2026-10-01T10:38:42,200,
DE Shaw,Founder's Office: Technology Specialist,New York,Technology,,https://www.deshaw.com/careers/founder-s-office-technology-specialist-5766,https://www.deshaw.com/careers/career-development,Careers - The D. E. Shaw Group,false,2026-10-01T10:38:42,200,
DE Shaw,Infrastructure Software Engineer: Application Engineering,New York,Technology,,https://www.deshaw.com/careers/infrastructure-software-engineer-application-engineering-5829,https://www.deshaw.com/careers/career-development,Careers - The D. E. Shaw Group,false,2026-10-01T10:38:42,200,
DE Shaw,Lead Modern Workplace Engineer,New York,Technology,,https://www.deshaw.com/careers/lead-modern-workplace-engineer-5832,https://www.deshaw.com/careers/career-development,Careers - The D. E. Shaw Group,false,2026-10-01T10:38:42,200,
DE Shaw,MBOT Chief of Staff,New York,Technology,,https://www.deshaw.com/careers/mbot-chief-of-staff-6019,https://www.deshaw.com/careers/career-development,Careers - The D. E. Shaw Group,false,2026-10-01T10:38:42,200,
DE Shaw,Product Manager — Legal Technology Infrastructure,New York,Technology,,https://www.deshaw.com/careers/product-manager-legal-technology-infrastructure-5880,https://www.deshaw.com/careers/career-development,Careers - The D. E. Shaw Group,false,2026-10-01T10:38:42,200,
DE Shaw,Quant Systems: Systems Developer (London),London,Technology,,https://www.deshaw.com/careers/quant-systems-systems-developer-london-5295,https://www.deshaw.com/careers/career-development,Careers - The D. E. Shaw Group,false,2026-10-01T10:38:42,200,
EDF,Gas Trader - Prop,London,,Posted 30+ Days Ago,https://edftrading.wd1.myworkdayjobs.com/en-US/EDFTrading/job/London/Gas-Trader---Prop_JR1001454-1?act=redirectCws&cws=40&org=edftrading2&jobFamilyGroup=ab28e9c2677c10016de3c1146f8a0000,https://edftrading.wd1.myworkdayjobs.com/en-US/EDFTrading/details/Trading-Operation-Analyst_JR1001379-3?act=redirectCws&cws=40&org=edftrading2&jobFamilyGroup=ab28e9c2677c10016de3c1146f8a0000,Search for Jobs,false,2026-10-01T10:38:42,200,
EDF,Derivatives Trader,London,,Posted 30+ Days Ago,https://edftrading.wd1.myworkdayjobs.com/en-US/EDFTrading/job/London/Derivatives-Trader_JR1001413-2?act=redirectCws&cws=40&org=edftrading2&jobFamilyGroup=ab28e9c2677c10016de3c1146f8a0000,https://edftrading.wd1.myworkdayjobs.com/en-US/EDFTrading/details/Trading-Operation-Analyst_JR1001379-3?act=redirectCws&cws=40&org=edftrading2&jobFamilyGroup=ab28e9c2677c10016de3c1146f8a0000,Search for Jobs,false,2026-10-01T10:38:42,200,
G-Research,Liquidity Program Manager,London,,,https://www.gresearch.com/vacancies/liquidity-program-manager/,https://www.gresearch.co.uk/join-us/,Vacancies | G-Research,false,2026-10-01T10:38:42,200,
G-Research,Security Operations Analyst,London,,,https://www.gresearch.com/vacancies/security-operations-analyst/,https://www.gresearch.co.uk/join-us/,Vacancies | G-Research,false,2026-10-01T10:38:42,200,
G-Research,Talent Acquisition Specialist,London,,,https://www.gresearch.com/vacancies/talent-acquisition-specialist/,https://www.gresearch.co.uk/join-us/,Vacancies | G-Research,false,2026-10-01T10:38:42,200,
G-Research,Strategic Planning Office Lead,London,,,https://www.gresearch.com/vacancies/strategic-planning-office-lead/,https://www.gresearch.co.uk/join-us/,Vacancies | G-Research,false,2026-10-01T10:38:42,200,
G-Research,Analytics Engineer,London,,,https://www.gresearch.com/vacancies/analytics-engineer/,https://www.gresearch.co.uk/join-us/,Vacancies | G-Research,false,2026-10-01T10:38:42,200,
G-Research,Technology Talent Sourcer (12 Month FTC),London,,,https://www.gresearch.com/vacancies/technology-talent-sourcer-12-month-ftc/,https://www.gresearch.co.uk/join-us/,Vacancies | G-Research,false,2026-10-01T10:38:42,200,
G-Research,"IAM Platform Engineer – Authentication, Credentials & PAM",London,,,https://www.gresearch.com/vacancies/iam-platform-engineer-authentication-credentials-pam/,https://www.gresearch.co.uk/join-us/,Vacancies | G-Research,false,2026-10-01T10:38:42,200,
G-Research,Penetration Tester,London,,,https://www.gresearch.com/vacancies/penetration-tester/,https://www.gresearch.co.uk/join-us/,Vacancies | G-Research,false,2026-10-01T10:38:42,200,
G-Research,Senior Red Team Operator,London,,,https://www.gresearch.com/vacancies/senior-red-team-operator/,https://www.gresearch.co.uk/join-us/,Vacancies | G-Research,false,2026-10-01T10:38:42,200,
G-Research,Red Team Operations Manager,London,,,https://www.gresearch.com/vacancies/red-team-operations-manager/,https://www.gresearch.co.uk/join-us/,Vacancies | G-Research,false,2026-10-01T10:38:42,200,
G-Research,Chief Business Risk Officer,London,,,https://www.gresearch.com/vacancies/chief-business-risk-officer/,https://www.gresearch.co.uk/join-us/,Vacancies | G-Research,false,2026-10-01T10:38:42,200,
G-Research,Security Assurance Specialist,London,,,https://www.gresearch.com/vacancies/security-assurance-specialist/,https://www.gresearch.co.uk/join-us/,Vacancies | G-Research,false,2026-10-01T10:38:42,200,
G-Research,Senior CSIRT Analyst,London,,,https://www.gresearch.com/vacancies/senior-csirt-analyst/,https://www.gresearch.co.uk/join-us/,Vacancies | G-Research,false,2026-10-01T10:38:42,200,
G-Research,"IAM Platform Engineer – Identity, Entitlements & Authorisation",London,,,https://www.gresearch.com/vacancies/iam-platform-engineer-identity-entitlements-authorisation/,https://www.gresearch.co.uk/join-us/,Vacancies | G-Research,false,2026-10-01T10:38:42,200,
G-Research,Security Data and Platform Engineer,London,,,https://www.gresearch.com/vacancies/security-data-and-platform-engineer/,https://www.gresearch.co.uk/join-us/,Vacancies | G-Research,false,2026-10-01T10:38:42,200,
G-Research,Security Threat Specialist,London,,,https://www.gresearch.com/vacancies/security-threat-specialist/,https://www.gresearch.co.uk/join-us/,Vacancies | G-Research,false,2026-10-01T10:38:42,200,
G-Research,Platform Desktop Engineering Manager,London,,,https://www.gresearch.com/vacancies/platform-desktop-engineering-manager/,https://www.gresearch.co.uk/join-us/,Vacancies | G-Research,false,2026-10-01T10:38:42,200,
G-Research,Platform Desktop Engineer,London,,,https://www.gresearch.com/vacancies/platform-desktop-engineer/,https://www.gresearch.co.uk/join-us/,Vacancies | G-Research,false,2026-10-01T10:38:42,200,
G-Research,Core Infrastructure Engineer,London,,,https://www.gresearch.com/vacancies/core-infrastructure-engineer/,https://www.gresearch.co.uk/join-us/,Vacancies | G-Research,false,2026-10-01T10:38:42,200,
G-Research,Network Automation Engineer,London,,,https://www.gresearch.com/vacancies/network-automation-engineer/,https://www.gresearch.co.uk/join-us/,Vacancies | G-Research,false,2026-10-01T10:38:42,200,
G-Research,Low Latency Network Engineer,London,,,https://www.gresearch.com/vacancies/low-latency-network-engineer/,https://www.gresearch.co.uk/join-us/,Vacancies | G-Research,false,2026-10-01T10:38:42,200,
G-Research,Kubernetes Platform Engineer,London,,,https://www.gresearch.com/vacancies/kubernetes-platform-engineer/,https://www.gresearch.co.uk/join-us/,Vacancies | G-Research,false,2026-10-01T10:38:42,200,
G-Research,Core Infrastructure Engineering Manager,London,,,https://www.gresearch.com/vacancies/core-infrastructure-engineering-manager/,https://www.gresearch.co.uk/join-us/,Vacancies | G-Research,false,2026-10-01T10:38:42,200,
G-Research,Lead Network Reliability Engineer,London,,,https://www.gresearch.com/vacancies/lead-network-site-reliability-engineer/,https://www.gresearch.co.uk/join-us/,Vacancies | G-Research,false,2026-10-01T10:38:42,200,
G-Research,Database Platform Engineer,London,,,https://www.gresearch.com/vacancies/database-platform-engineer/,https://www.gresearch.co.uk/join-us/,Vacancies | G-Research,false,2026-10-01T10:38:42,200,
G-Research,Analytics Services Platform Engineer,London,,,https://www.gresearch.com/vacancies/analytics-services-platform-engineer/,https://www.gresearch.co.uk/join-us/,Vacancies | G-Research,false,2026-10-01T10:38:42,200,
G-Research,Data Science Internship,London,,,https://www.gresearch.com/vacancies/data-science-internship/,https://www.gresearch.co.uk/join-us/,Vacancies | G-Research,false,2026-10-01T10:38:42,200,
G-Research,Machine Learning Research Internship,London,,,https://www.gresearch.com/vacancies/machine-learning-research-internship/,https://www.gresearch.co.uk/join-us/,Vacancies | G-Research,false,2026-10-01T10:38:42,200,
G-Research,Natural Language Processing Internship,London,,,https://www.gresearch.com/vacancies/natural-language-processing-internship/,https://www.gresearch.co.uk/join-us/,Vacancies | G-Research,false,2026-10-01T10:38:42,200,
G-Research,Quant Research Internship,London,,,https://www.gresearch.com/vacancies/quant-research-internship/,https://www.gresearch.co.uk/join-us/,Vacancies | G-Research,false,2026-10-01T10:38:42,200,
G-Research,Quantitative Researcher – Fundamental Equity Research,London,,,https://www.gresearch.com/vacancies/quantitative-researcher-fundamental-equity-research/,https://www.gresearch.co.uk/join-us/,Vacancies | G-Research,false,2026-10-01T10:38:42,200,
G-Research,Quantitative Researcher – Experienced,London,,,https://www.gresearch.com/vacancies/quantitative-researcher-experienced/,https://www.gresearch.co.uk/join-us/,Vacancies | G-Research,false,2026-10-01T10:38:42,200,
G-Research,Natural Language Processing Researcher,London,,,https://www.gresearch.com/vacancies/natural-language-processing-researcher/,https://www.gresearch.co.uk/join-us/,Vacancies | G-Research,false,2026-10-01T10:38:42,200,
G-Research,Quantitative Analyst,London,,,https://www.gresearch.com/vacancies/quantitative-analyst-2/,https://www.gresearch.co.uk/join-us/,Vacancies | G-Research,false,2026-10-01T10:38:42,200,
G-Research,Quantitative Researcher – Postgraduate,London,,,https://www.gresearch.com/vacancies/quantitative-researcher-postgraduate/,https://www.gresearch.co.uk/join-us/,Vacancies | G-Research,false,2026-10-01T10:38:42,200,
G-Research,Machine Learning Researcher,London,,,https://www.gresearch.com/vacancies/machine-learning-researcher/,https://www.gresearch.co.uk/join-us/,Vacancies | G-Research,false,2026-10-01T10:38:42,200,
G-Research,Software Engineering Internship,London,,,https://www.gresearch.com/vacancies/software-engineering-intern/,https://www.gresearch.co.uk/join-us/,Vacancies | G-Research,false,2026-10-01T10:38:42,200,
G-Research,Data Software Engineer,London,,,https://www.gresearch.com/vacancies/data-software-engineer/,https://www.gresearch.co.uk/join-us/,Vacancies | G-Research,false,2026-10-01T10:38:42,200,
G-Research,Machine Learning Performance Engineer,London,,,https://www.gresearch.com/vacancies/machine-learning-performance-engineer/,https://www.gresearch.co.uk/join-us/,Vacancies | G-Research,false,2026-10-01T10:38:42,200,
G-Research,NLP Performance Engineer,London,,,https://www.gresearch.com/vacancies/nlp-performance-engineer/,https://www.gresearch.co.uk/join-us/,Vacancies | G-Research,false,2026-10-01T10:38:42,200,
G-Research,Software Engineer: First Party Security Products,London,,,https://www.gresearch.com/vacancies/security-automation-engineer/,https://www.gresearch.co.uk/join-us/,Vacancies | G-Research,false,2026-10-01T10:38:42,200,
G-Research,Software Engineer – Core IP Security,London,,,https://www.gresearch.com/vacancies/core-ip-security-software-engineer/,https://www.gresearch.co.uk/join-us/,Vacancies | G-Research,false,2026-10-01T10:38:42,200,
G-Research,Software Engineer — Observability Instrumentation,London,,,https://www.gresearch.com/vacancies/software-engineer-observability-instrumentation/,https://www.gresearch.co.uk/join-us/,Vacancies | G-Research,false,2026-10-01T10:38:42,200,
G-Research,Engineering Manager – Custom I/O,London,,,https://www.gresearch.com/vacancies/engineering-manager-custom-i-o/,https://www.gresearch.co.uk/join-us/,Vacancies | G-Research,false,2026-10-01T10:38:42,200,
G-Research,Applied AI Engineer,London,,,https://www.gresearch.com/vacancies/ai-engineer/,https://www.gresearch.co.uk/join-us/,Vacancies | G-Research,false,2026-10-01T10:38:42,200,
G-Research,Engineering Manager,London,,,https://www.gresearch.com/vacancies/engineering-manager/,https://www.gresearch.co.uk/join-us/,Vacancies | G-Research,false,2026-10-01T10:38:42,200,
G-Research,Machine Learning Engineer,London,,,https://www.gresearch.com/vacancies/machine-learning-engineer-2/,https://www.gresearch.co.uk/join-us/,Vacancies | G-Research,false,2026-10-01T10:38:42,200,
G-Research,Functional Programmer,London,,,https://www.gresearch.com/vacancies/software-engineer-realtime-quant-frameworks/,https://www.gresearch.co.uk/join-us/,Vacancies | G-Research,false,2026-10-01T10:38:42,200,
G-Research,Kubernetes Software Engineer,London,,,https://www.gresearch.com/vacancies/kubernetes-software-engineer/,https://www.gresearch.co.uk/join-us/,Vacancies | G-Research,false,2026-10-01T10:38:42,200,
G-Research,Machine Learning Workflow Engineer,London,,,https://www.gresearch.com/vacancies/machine-learning-workflow-engineer/,https://www.gresearch.co.uk/join-us/,Vacancies | G-Research,false,2026-10-01T10:38:42,200,
G-Research,Observability Engineer,London,,,https://www.gresearch.com/vacancies/observability-engineer/,https://www.gresearch.co.uk/join-us/,Vacancies | G-Research,false,2026-10-01T10:38:42,200,
G-Research,Performance Engineering Manager,London,,,https://www.gresearch.com/vacancies/performance-engineering-manager/,https://www.gresearch.co.uk/join-us/,Vacancies | G-Research,false,2026-10-01T10:38:42,200,
G-Research,Software Engineer – Trade Technology,London,,,https://www.gresearch.com/vacancies/production-software-engineer/,https://www.gresearch.co.uk/join-us/,Vacancies | G-Research,false,2026-10-01T10:38:42,200,
G-Research,Software Engineer – Engineering Tools,London,,,https://www.gresearch.com/vacancies/software-engineer-engineering-tools/,https://www.gresearch.co.uk/join-us/,Vacancies | G-Research,false,2026-10-01T10:38:42,200,
G-Research,Quantitative Developer,London,,,https://www.gresearch.com/vacancies/quantitative-developer/,https://www.gresearch.co.uk/join-us/,Vacancies | G-Research,false,2026-10-01T10:38:42,200,
G-Research,C++ Software Engineer,London,,,https://www.gresearch.com/vacancies/c-software-engineer-2/,https://www.gresearch.co.uk/join-us/,Vacancies | G-Research,false,2026-10-01T10:38:42,200,
G-Research,Deputy Head of Open Source Development,London,,,https://www.gresearch.com/vacancies/deputy-head-of-open-source-development/,https://www.gresearch.co.uk/join-us/,Vacancies | G-Research,false,2026-10-01T10:38:42,200,
GAM,Senior Client Service Operations Manager,2 Locations,,Posted 13 Days Ago,https://gam.wd3.myworkdayjobs.com/en-US/GAM/job/London/Senior-Client-Service-Operations-Manager_JR1221?locations=76512225d49a01dc46377c960b02b2e9,https://gam.wd3.myworkdayjobs.com/GAM?locations=76512225d49a01dc46377c960b02b2e9,Search for Jobs,false,2026-10-01T10:38:42,200,
Guggenheim Partners,Equity Research Associate – Biotechnology,locations 2 Locations,,posted on Posted 3 Days Ago 14929,https://guggenheim.wd1.myworkdayjobs.com/en-US/Guggenheim_Careers/job/New-York/Equity-Research-Associate---Biotechnology_14929,https://guggenheim.wd1.myworkdayjobs.com/Guggenheim_Careers,Search for Jobs,false,2026-10-01T10:38:42,200,
Guggenheim Partners,Equities Operations Analyst,locations New York,,posted on Posted 6 Days Ago 14927,https://guggenheim.wd1.myworkdayjobs.com/en-US/Guggenheim_Careers/job/New-York/Equities-Operations-Analyst_14927,https://guggenheim.wd1.myworkdayjobs.com/Guggenheim_Careers,Search for Jobs,false,2026-10-01T10:38:42,200,
Guggenheim Partners,"Investment Banking Senior Associate / Junior Vice President – Power, Utilities & Renewables",locations New York,,posted on Posted 8 Days Ago 14922,https://guggenheim.wd1.myworkdayjobs.com/en-US/Guggenheim_Careers/job/New-York/Investment-Banking-Senior-Associate---Junior-Vice-President---Power--Utilities---Renewables_14922,https://guggenheim.wd1.myworkdayjobs.com/Guggenheim_Careers,Search for Jobs,false,2026-10-01T10:38:42,200,
Guggenheim Partners,"Experienced Analyst – Investment Banking, Commercial Services",locations Chicago,,posted on Posted 9 Days Ago 14859,https://guggenheim.wd1.myworkdayjobs.com/en-US/Guggenheim_Careers/job/Chicago/Experienced-Analyst---Investment-Banking--Commercial-Services_14859-1,https://guggenheim.wd1.myworkdayjobs.com/Guggenheim_Careers,Search for Jobs,false,2026-10-01T10:38:42,200,
Guggenheim Partners,"Experienced Associate - Investment Banking, Industrials",locations New York,,posted on Posted 14 Days Ago 14919,https://guggenheim.wd1.myworkdayjobs.com/en-US/Guggenheim_Careers/job/New-York/Experienced-Associate---Investment-Banking--Industrials_14919,https://guggenheim.wd1.myworkdayjobs.com/Guggenheim_Careers,Search for Jobs,false,2026-10-01T10:38:42,200,
Guggenheim Partners,"Experienced Analyst – Investment Banking, Industrials",locations New York,,posted on Posted 14 Days Ago 14918,https://guggenheim.wd1.myworkdayjobs.com/en-US/Guggenheim_Careers/job/New-York/Experienced-Analyst---Investment-Banking--Industrials_14918,https://guggenheim.wd1.myworkdayjobs.com/Guggenheim_Careers,Search for Jobs,false,2026-10-01T10:38:42,200,
Guggenheim Partners,New Accounts Associate,"locations New York City, NY – U.S.",,posted on Posted 14 Days Ago 14917,https://guggenheim.wd1.myworkdayjobs.com/en-US/Guggenheim_Careers/job/New-York-City-NY--US/New-Accounts-Associate_14917,https://guggenheim.wd1.myworkdayjobs.com/Guggenheim_Careers,Search for Jobs,false,2026-10-01T10:38:42,200,
Guggenheim Partners,"Experienced Vice President - Investment Banking, Industrials",locations New York,,posted on Posted 21 Days Ago 14914,https://guggenheim.wd1.myworkdayjobs.com/en-US/Guggenheim_Careers/job/New-York/Experienced-Vice-President---Investment-Banking--Industrials_14914,https://guggenheim.wd1.myworkdayjobs.com/Guggenheim_Careers,Search for Jobs,false,2026-10-01T10:38:42,200,
Guggenheim Partners,Network Voice Engineer,locations New York,,posted on Posted 23 Days Ago 14911,https://guggenheim.wd1.myworkdayjobs.com/en-US/Guggenheim_Careers/job/New-York/Network-Voice-Engineer_14911,https://guggenheim.wd1.myworkdayjobs.com/Guggenheim_Careers,Search for Jobs,false,2026-10-01T10:38:42,200,
Guggenheim Partners,Investment Banking Analyst – Structured Products Origination,"locations New York City, NY – U.S.",,posted on Posted 23 Days Ago 14906,https://guggenheim.wd1.myworkdayjobs.com/en-US/Guggenheim_Careers/job/New-York-City-NY--US/Investment-Banking-Analyst---Structured-Products-Origination_14906-1,https://guggenheim.wd1.myworkdayjobs.com/Guggenheim_Careers,Search for Jobs,false,2026-10-01T10:38:42,200,
Guggenheim Partners,Equity Research Analyst or Associate – IT Services,locations New York,,posted on Posted 29 Days Ago 14905,https://guggenheim.wd1.myworkdayjobs.com/en-US/Guggenheim_Careers/job/New-York/Equity-Research-Analyst-or-Associate---IT-Services_14905,https://guggenheim.wd1.myworkdayjobs.com/Guggenheim_Careers,Search for Jobs,false,2026-10-01T10:38:42,200,
Guggenheim Partners,"Experienced Associate – Investment Banking, Digital Infrastructure",locations New York,,posted on Posted 30+ Days Ago 14898,https://guggenheim.wd1.myworkdayjobs.com/en-US/Guggenheim_Careers/job/New-York/Experienced-Associate---Investment-Banking--Digital-Infrastructure_14898,https://guggenheim.wd1.myworkdayjobs.com/Guggenheim_Careers,Search for Jobs,false,2026-10-01T10:38:42,200,
Guggenheim Partners,"Vice President – Investment Banking, Digital Infrastructure",locations New York,,posted on Posted 30+ Days Ago 14899,https://guggenheim.wd1.myworkdayjobs.com/en-US/Guggenheim_Careers/job/New-York/Vice-President---Investment-Banking--Digital-Infrastructure_14899,https://guggenheim.wd1.myworkdayjobs.com/Guggenheim_Careers,Search for Jobs,false,2026-10-01T10:38:42,200,
Guggenheim Partners,Investment Banking Senior Analyst / Associate – Private Capital Solutions,"locations New York City, NY – U.S.",,posted on Posted 30+ Days Ago 14890,https://guggenheim.wd1.myworkdayjobs.com/en-US/Guggenheim_Careers/job/New-York-City-NY--US/Investment-Banking-Senior-Analyst---Associate---Private-Capital-Solutions_14890,https://guggenheim.wd1.myworkdayjobs.com/Guggenheim_Careers,Search for Jobs,false,2026-10-01T10:38:42,200,
Guggenheim Partners,Investment Banking Associate - Capital Structure Advisory,locations New York,,posted on Posted 30+ Days Ago 14886,https://guggenheim.wd1.myworkdayjobs.com/en-US/Guggenheim_Careers/job/New-York/Investment-Banking-Associate---Capital-Structure-Advisory_14886,https://guggenheim.wd1.myworkdayjobs.com/Guggenheim_Careers,Search for Jobs,false,2026-10-01T10:38:42,200,
Guggenheim Partners,Experienced Associate – Investment Banking Global Services,locations Atlanta,,posted on Posted 30+ Days Ago 14708,https://guggenheim.wd1.myworkdayjobs.com/en-US/Guggenheim_Careers/job/Atlanta/Experienced-Associate---Investment-Banking--Global-Services--Chicago-_14708,https://guggenheim.wd1.myworkdayjobs.com/Guggenheim_Careers,Search for Jobs,false,2026-10-01T10:38:42,200,
Guggenheim Partners,"Associate – Investment Banking, Financial Sponsors Group",locations London,,posted on Posted 30+ Days Ago 14872,https://guggenheim.wd1.myworkdayjobs.com/en-US/Guggenheim_Careers/job/London/Associate---Investment-Banking--Financial-Sponsors-Group_14872,https://guggenheim.wd1.myworkdayjobs.com/Guggenheim_Careers,Search for Jobs,false,2026-10-01T10:38:42,200,
Guggenheim Partners,"Associate - Investment Banking, Industrials",locations Chicago,,posted on Posted 30+ Days Ago 14871,https://guggenheim.wd1.myworkdayjobs.com/en-US/Guggenheim_Careers/job/Chicago/Associate---Investment-Banking--Industrials_14871,https://guggenheim.wd1.myworkdayjobs.com/Guggenheim_Careers,Search for Jobs,false,2026-10-01T10:38:42,200,
Guggenheim Partners,"Experienced Associate – Investment Banking, Technology & Services (London)",locations London,,posted on Posted 30+ Days Ago 14863,https://guggenheim.wd1.myworkdayjobs.com/en-US/Guggenheim_Careers/job/London/Experienced-Associate---Investment-Banking--Technology---Services--London-_14863,https://guggenheim.wd1.myworkdayjobs.com/Guggenheim_Careers,Search for Jobs,false,2026-10-01T10:38:42,200,
Guggenheim Partners,"Experienced Analyst – Investment Banking, Global Services",locations Atlanta,,posted on Posted 30+ Days Ago 14858,https://guggenheim.wd1.myworkdayjobs.com/en-US/Guggenheim_Careers/job/Atlanta/Experienced-Analyst---Investment-Banking--Global-Services_14858-1,https://guggenheim.wd1.myworkdayjobs.com/Guggenheim_Careers,Search for Jobs,false,2026-10-01T10:38:42,200,
HRT,Data Scientist Intern – 2027,New York,Strategy Development,,https://www.hudsonrivertrading.com/hrt-job/data-scientist-intern-2027/,https://www.hudsonrivertrading.com/careers/?_offices=London&_4118765=Full-Time%3A+New+Grad%2CInternship,Careers | Hudson River Trading,true,2026-10-01T10:38:42,200,
HRT,Data Scientist Intern – 2027,London,Strategy Development,,https://www.hudsonrivertrading.com/hrt-job/data-scientist-intern-2027-2/,https://www.hudsonrivertrading.com/careers/?_offices=London&_4118765=Full-Time%3A+New+Grad%2CInternship,Careers | Hudson River Trading,true,2026-10-01T10:38:42,200,
HRT,Algorithm Development (Quant Research & Trading) PhD Internship – Summer 2027,New York Singapore London,Strategy Development,,https://www.hudsonrivertrading.com/hrt-job/algorithm-development-quant-research-trading-phd-internship-summer-2027/,https://www.hudsonrivertrading.com/careers/?_offices=London&_4118765=Full-Time%3A+New+Grad%2CInternship,Careers | Hudson River Trading,true,2026-10-01T10:38:42,200,
HRT,Algorithm Development (Quant Research & Trading) Internship – Summer 2027,New York Singapore London,,,https://www.hudsonrivertrading.com/hrt-job/algorithm-development-quant-research-trading-internship-summer-2027/,https://www.hudsonrivertrading.com/careers/?_offices=London&_4118765=Full-Time%3A+New+Grad%2CInternship,Careers | Hudson River Trading,true,2026-10-01T10:38:42,200,
HRT,Algorithm Developer (Quant Research & Trading) – 2027 PhDs,New York Singapore London,Strategy Development,,https://www.hudsonrivertrading.com/hrt-job/algorithm-developer-quant-research-trading-2027-phds/,https://www.hudsonrivertrading.com/careers/?_offices=London&_4118765=Full-Time%3A+New+Grad%2CInternship,Careers | Hudson River Trading,true,2026-10-01T10:38:42,200,
HRT,Algorithm Developer (Quant Research & Trading) – 2027 Grads,New York Singapore London,,,https://www.hudsonrivertrading.com/hrt-job/algorithm-developer-quant-research-trading-2027-grads/,https://www.hudsonrivertrading.com/careers/?_offices=London&_4118765=Full-Time%3A+New+Grad%2CInternship,Careers | Hudson River Trading,true,2026-10-01T10:38:42,200,
HRT,Software Engineer (C++ or Python) – 2027 Grads,New York Singapore London Austin Chicago,Software Engineering|C++|Python,,https://www.hudsonrivertrading.com/hrt-job/software-engineer-c-or-python-2027-grads/,https://www.hudsonrivertrading.com/careers/?_offices=London&_4118765=Full-Time%3A+New+Grad%2CInternship,Careers | Hudson River Trading,true,2026-10-01T10:38:42,200,
HRT,Software Engineering Internship (C++ or Python) – Summer 2027,New York Singapore London Austin Chicago,Software Engineering|C++|Python,,https://www.hudsonrivertrading.com/hrt-job/software-engineering-internship-c-or-python-summer-2027/,https://www.hudsonrivertrading.com/careers/?_offices=London&_4118765=Full-Time%3A+New+Grad%2CInternship,Careers | Hudson River Trading,true,2026-10-01T10:38:42,200,
HRT,Hardware Design Engineer – 2027 Grads,New York,Hardware Engineering,,https://www.hudsonrivertrading.com/hrt-job/hardware-design-engineer-2027-grads/,https://www.hudsonrivertrading.com/careers/?_offices=London&_4118765=Full-Time%3A+New+Grad%2CInternship,Careers | Hudson River Trading,true,2026-10-01T10:38:42,200,
HRT,Hardware Engineer Internship – Summer 2027,New York,Hardware Engineering,,https://www.hudsonrivertrading.com/hrt-job/hardware-engineer-internship-summer-2027/,https://www.hudsonrivertrading.com/careers/?_offices=London&_4118765=Full-Time%3A+New+Grad%2CInternship,Careers | Hudson River Trading,true,2026-10-01T10:38:42,200,
HRT,Design Verification (DV) Engineer – 2027 Grads,New York,,,https://www.hudsonrivertrading.com/hrt-job/design-verification-dv-engineer-2027-grads/,https://www.hudsonrivertrading.com/careers/?_offices=London&_4118765=Full-Time%3A+New+Grad%2CInternship,Careers | Hudson River Trading,true,2026-10-01T10:38:42,200,
HRT,Research Data Expert,New York Singapore London Austin Chicago,,,https://www.hudsonrivertrading.com/hrt-job/research-data-expert/,https://www.hudsonrivertrading.com/careers/?_offices=London&_4118765=Full-Time%3A+New+Grad%2CInternship,Careers | Hudson River Trading,true,2026-10-01T10:38:42,200,
HRT,Applied AI Engineer,New York Singapore London,,,https://www.hudsonrivertrading.com/hrt-job/software-engineer-applied-ai/,https://www.hudsonrivertrading.com/careers/?_offices=London&_4118765=Full-Time%3A+New+Grad%2CInternship,Careers | Hudson River Trading,true,2026-10-01T10:38:42,200,
HRT,Senior Accountant,New York,,,https://www.hudsonrivertrading.com/hrt-job/senior-accountant/,https://www.hudsonrivertrading.com/careers/?_offices=London&_4118765=Full-Time%3A+New+Grad%2CInternship,Careers | Hudson River Trading,true,2026-10-01T10:38:42,200,
HRT,Corporate Development Associate,New York,,,https://www.hudsonrivertrading.com/hrt-job/corporate-development-associate/,https://www.hudsonrivertrading.com/careers/?_offices=London&_4118765=Full-Time%3A+New+Grad%2CInternship,Careers | Hudson River Trading,true,2026-10-01T10:38:42,200,
HRT,PhD Winter Internship – 2027,New York,,,https://www.hudsonrivertrading.com/hrt-job/phd-winter-internship-2027/,https://www.hudsonrivertrading.com/careers/?_offices=London&_4118765=Full-Time%3A+New+Grad%2CInternship,Careers | Hudson River Trading,true,2026-10-01T10:38:42,200,
HRT,Campus Recruiter,New York Austin Chicago,,,https://www.hudsonrivertrading.com/hrt-job/campus-recruiter-3/,https://www.hudsonrivertrading.com/careers/?_offices=London&_4118765=Full-Time%3A+New+Grad%2CInternship,Careers | Hudson River Trading,true,2026-10-01T10:38:42,200,
HRT,Trading Systems Engineer,London,,,https://www.hudsonrivertrading.com/hrt-job/trading-systems-engineer-2/,https://www.hudsonrivertrading.com/careers/?_offices=London&_4118765=Full-Time%3A+New+Grad%2CInternship,Careers | Hudson River Trading,true,2026-10-01T10:38:42,200,
HRT,Data Center Technician,Carteret,,,https://www.hudsonrivertrading.com/hrt-job/data-center-technician/,https://www.hudsonrivertrading.com/careers/?_offices=London&_4118765=Full-Time%3A+New+Grad%2CInternship,Careers | Hudson River Trading,true,2026-10-01T10:38:42,200,
HRT,Women in Trading and Technology Internship (WiTTI) – Winter 2027,New York,,,https://www.hudsonrivertrading.com/hrt-job/women-in-trading-and-technology-internship-witti-winter-2027/,https://www.hudsonrivertrading.com/careers/?_offices=London&_4118765=Full-Time%3A+New+Grad%2CInternship,Careers | Hudson River Trading,true,2026-10-01T10:38:42,200,
HRT,Senior International Tax Specialist,New York,,,https://www.hudsonrivertrading.com/hrt-job/senior-international-tax-specialist/,https://www.hudsonrivertrading.com/careers/?_offices=London&_4118765=Full-Time%3A+New+Grad%2CInternship,Careers | Hudson River Trading,true,2026-10-01T10:38:42,200,
HRT,Campus Recruiter,London,,,https://www.hudsonrivertrading.com/hrt-job/campus-recruiter-2/,https://www.hudsonrivertrading.com/careers/?_offices=London&_4118765=Full-Time%3A+New+Grad%2CInternship,Careers | Hudson River Trading,true,2026-10-01T10:38:42,200,
HRT,Risk Engineer,New York,,,https://www.hudsonrivertrading.com/hrt-job/risk-engineer/,https://www.hudsonrivertrading.com/careers/?_offices=London&_4118765=Full-Time%3A+New+Grad%2CInternship,Careers | Hudson River Trading,true,2026-10-01T10:38:42,200,
HRT,Junior Electronic Trading Support Engineer,Singapore,,,https://www.hudsonrivertrading.com/hrt-job/junior-electronic-trading-support-engineer-2/,https://www.hudsonrivertrading.com/careers/?_offices=London&_4118765=Full-Time%3A+New+Grad%2CInternship,Careers | Hudson River Trading,true,2026-10-01T10:38:42,200,
HRT,Junior Electronic Trading Support Engineer,New York London Austin Chicago Dublin,,,https://www.hudsonrivertrading.com/hrt-job/junior-electronic-trading-support-engineer/,https://www.hudsonrivertrading.com/careers/?_offices=London&_4118765=Full-Time%3A+New+Grad%2CInternship,Careers | Hudson River Trading,true,2026-10-01T10:38:42,200,
HRT,Global Real Estate Lead,New York,,,https://www.hudsonrivertrading.com/hrt-job/global-real-estate-lead/,https://www.hudsonrivertrading.com/careers/?_offices=London&_4118765=Full-Time%3A+New+Grad%2CInternship,Careers | Hudson River Trading,true,2026-10-01T10:38:42,200,
HRT,Electronic Trading Support Engineer – 2026/2027 Grads,Dublin,,,https://www.hudsonrivertrading.com/hrt-job/electronic-trading-support-engineer-2026-2027-grads/,https://www.hudsonrivertrading.com/careers/?_offices=London&_4118765=Full-Time%3A+New+Grad%2CInternship,Careers | Hudson River Trading,true,2026-10-01T10:38:42,200,
HRT,"AI Researcher, LLMs",New York London,,,https://www.hudsonrivertrading.com/hrt-job/ai-researcher-llms/,https://www.hudsonrivertrading.com/careers/?_offices=London&_4118765=Full-Time%3A+New+Grad%2CInternship,Careers | Hudson River Trading,true,2026-10-01T10:38:42,200,
HRT,AI Researcher,New York London,,,https://www.hudsonrivertrading.com/hrt-job/ai-researcher/,https://www.hudsonrivertrading.com/careers/?_offices=London&_4118765=Full-Time%3A+New+Grad%2CInternship,Careers | Hudson River Trading,true,2026-10-01T10:38:42,200,
HRT,Signal Integrity / Power Integrity Engineer,New York Austin Boulder Chicago,,,https://www.hudsonrivertrading.com/hrt-job/signal-integrity-power-integrity-engineer/,https://www.hudsonrivertrading.com/careers/?_offices=London&_4118765=Full-Time%3A+New+Grad%2CInternship,Careers | Hudson River Trading,true,2026-10-01T10:38:42,200,
HRT,ASIC Technical Project Manager,New York,,,https://www.hudsonrivertrading.com/hrt-job/asic-technical-project-manager/,https://www.hudsonrivertrading.com/careers/?_offices=London&_4118765=Full-Time%3A+New+Grad%2CInternship,Careers | Hudson River Trading,true,2026-10-01T10:38:42,200,
HRT,Site Reliability Engineer – Enterprise Technology,New York,,,https://www.hudsonrivertrading.com/hrt-job/site-reliability-engineer-enterprise-technology/,https://www.hudsonrivertrading.com/careers/?_offices=London&_4118765=Full-Time%3A+New+Grad%2CInternship,Careers | Hudson River Trading,true,2026-10-01T10:38:42,200,
HRT,Immigration Specialist,New York,,,https://www.hudsonrivertrading.com/hrt-job/immigration-specialist/,https://www.hudsonrivertrading.com/careers/?_offices=London&_4118765=Full-Time%3A+New+Grad%2CInternship,Careers | Hudson River Trading,true,2026-10-01T10:38:42,200,
HRT,Warehouse and Inventory Specialist,Carteret,,,https://www.hudsonrivertrading.com/hrt-job/warehouse-and-inventory-specialist/,https://www.hudsonrivertrading.com/careers/?_offices=London&_4118765=Full-Time%3A+New+Grad%2CInternship,Careers | Hudson River Trading,true,2026-10-01T10:38:42,200,
HRT,Margins and Collateral Specialist,New York,,,https://www.hudsonrivertrading.com/hrt-job/margins-and-collateral-specialist/,https://www.hudsonrivertrading.com/careers/?_offices=London&_4118765=Full-Time%3A+New+Grad%2CInternship,Careers | Hudson River Trading,true,2026-10-01T10:38:42,200,
HRT,Endpoint Engineer – macOS,New York,,,https://www.hudsonrivertrading.com/hrt-job/endpoint-engineer-macos/,https://www.hudsonrivertrading.com/careers/?_offices=London&_4118765=Full-Time%3A+New+Grad%2CInternship,Careers | Hudson River Trading,true,2026-10-01T10:38:42,200,
HRT,Crypto Business Operations Manager,Singapore,,,https://www.hudsonrivertrading.com/hrt-job/crypto-business-operations-manager/,https://www.hudsonrivertrading.com/careers/?_offices=London&_4118765=Full-Time%3A+New+Grad%2CInternship,Careers | Hudson River Trading,true,2026-10-01T10:38:42,200,
HRT,Fixed Income Trader,Singapore,,,https://www.hudsonrivertrading.com/hrt-job/fixed-income-trader/,https://www.hudsonrivertrading.com/careers/?_offices=London&_4118765=Full-Time%3A+New+Grad%2CInternship,Careers | Hudson River Trading,true,2026-10-01T10:38:42,200,
HRT,Data Strategist,New York,,,https://www.hudsonrivertrading.com/hrt-job/data-strategist/,https://www.hudsonrivertrading.com/careers/?_offices=London&_4118765=Full-Time%3A+New+Grad%2CInternship,Careers | Hudson River Trading,true,2026-10-01T10:38:42,200,
HRT,Campus Sourcer,New York,,,https://www.hudsonrivertrading.com/hrt-job/campus-sourcer/,https://www.hudsonrivertrading.com/careers/?_offices=London&_4118765=Full-Time%3A+New+Grad%2CInternship,Careers | Hudson River Trading,true,2026-10-01T10:38:42,200,
HRT,People Partner,New York,,,https://www.hudsonrivertrading.com/hrt-job/people-partner/,https://www.hudsonrivertrading.com/careers/?_offices=London&_4118765=Full-Time%3A+New+Grad%2CInternship,Careers | Hudson River Trading,true,2026-10-01T10:38:42,200,
HRT,Trading Systems Engineer,New York Singapore London Austin Boulder Chicago,,,https://www.hudsonrivertrading.com/hrt-job/trading-systems-engineer/,https://www.hudsonrivertrading.com/careers/?_offices=London&_4118765=Full-Time%3A+New+Grad%2CInternship,Careers | Hudson River Trading,true,2026-10-01T10:38:42,200,
HRT,Junior Trading Systems Engineer,New York London Chicago,,,https://www.hudsonrivertrading.com/hrt-job/junior-trading-systems-engineer/,https://www.hudsonrivertrading.com/careers/?_offices=London&_4118765=Full-Time%3A+New+Grad%2CInternship,Careers | Hudson River Trading,true,2026-10-01T10:38:42,200,
HRT,PostTrade Strategy Specialist,New York,,,https://www.hudsonrivertrading.com/hrt-job/posttrade-strategy-specialist/,https://www.hudsonrivertrading.com/careers/?_offices=London&_4118765=Full-Time%3A+New+Grad%2CInternship,Careers | Hudson River Trading,true,2026-10-01T10:38:42,200,
HRT,Junior Treasury Quant Researcher,New York,,,https://www.hudsonrivertrading.com/hrt-job/junior-treasury-quant-researcher/,https://www.hudsonrivertrading.com/careers/?_offices=London&_4118765=Full-Time%3A+New+Grad%2CInternship,Careers | Hudson River Trading,true,2026-10-01T10:38:42,200,
HRT,Systems Engineer – Windows,New York,,,https://www.hudsonrivertrading.com/hrt-job/systems-engineer-windows/,https://www.hudsonrivertrading.com/careers/?_offices=London&_4118765=Full-Time%3A+New+Grad%2CInternship,Careers | Hudson River Trading,true,2026-10-01T10:38:42,200,
HRT,PostTrade Strategy Specialist,Singapore,,,https://www.hudsonrivertrading.com/hrt-job/posttrade-strategy-specialist-2/,https://www.hudsonrivertrading.com/careers/?_offices=London&_4118765=Full-Time%3A+New+Grad%2CInternship,Careers | Hudson River Trading,true,2026-10-01T10:38:42,200,
HRT,"Recruiter, PhD & Research",New York London,,,https://www.hudsonrivertrading.com/hrt-job/recruiter-phd-research/,https://www.hudsonrivertrading.com/careers/?_offices=London&_4118765=Full-Time%3A+New+Grad%2CInternship,Careers | Hudson River Trading,true,2026-10-01T10:38:42,200,
HRT,People Data Lead,New York,,,https://www.hudsonrivertrading.com/hrt-job/people-data-lead/,https://www.hudsonrivertrading.com/careers/?_offices=London&_4118765=Full-Time%3A+New+Grad%2CInternship,Careers | Hudson River Trading,true,2026-10-01T10:38:42,200,
HRT,"AI Research Engineer, Pre-Training",New York London,,,https://www.hudsonrivertrading.com/hrt-job/ai-research-engineer-pre-training/,https://www.hudsonrivertrading.com/careers/?_offices=London&_4118765=Full-Time%3A+New+Grad%2CInternship,Careers | Hudson River Trading,true,2026-10-01T10:38:42,200,
HRT,"AI Research Engineer, Inference",New York London,,,https://www.hudsonrivertrading.com/hrt-job/ai-research-engineer-inference/,https://www.hudsonrivertrading.com/careers/?_offices=London&_4118765=Full-Time%3A+New+Grad%2CInternship,Careers | Hudson River Trading,true,2026-10-01T10:38:42,200,
HRT,Electronic Trading Support Engineer,Singapore,,,https://www.hudsonrivertrading.com/hrt-job/electronic-trading-support-engineer/,https://www.hudsonrivertrading.com/careers/?_offices=London&_4118765=Full-Time%3A+New+Grad%2CInternship,Careers | Hudson River Trading,true,2026-10-01T10:38:42,200,
HRT,"Site Reliability Engineer, Storage – Enterprise Technology",New York,,,https://www.hudsonrivertrading.com/hrt-job/site-reliability-engineer-storage-enterprise-technology/,https://www.hudsonrivertrading.com/careers/?_offices=London&_4118765=Full-Time%3A+New+Grad%2CInternship,Careers | Hudson River Trading,true,2026-10-01T10:38:42,200,
HRT,Senior Hardware Product Manager,New York Chicago,,,https://www.hudsonrivertrading.com/hrt-job/senior-hardware-product-manager/,https://www.hudsonrivertrading.com/careers/?_offices=London&_4118765=Full-Time%3A+New+Grad%2CInternship,Careers | Hudson River Trading,true,2026-10-01T10:38:42,200,
HRT,Technical Project Manager,Singapore,,,https://www.hudsonrivertrading.com/hrt-job/technical-project-manager/,https://www.hudsonrivertrading.com/careers/?_offices=London&_4118765=Full-Time%3A+New+Grad%2CInternship,Careers | Hudson River Trading,true,2026-10-01T10:38:42,200,
HRT,Head of Korea Compliance,Seoul,,,https://www.hudsonrivertrading.com/hrt-job/head-of-korea-compliance/,https://www.hudsonrivertrading.com/careers/?_offices=London&_4118765=Full-Time%3A+New+Grad%2CInternship,Careers | Hudson River Trading,true,2026-10-01T10:38:42,200,
HRT,Middle Office Analyst – Marco,New York,,,https://www.hudsonrivertrading.com/hrt-job/middle-office-analyst/,https://www.hudsonrivertrading.com/careers/?_offices=London&_4118765=Full-Time%3A+New+Grad%2CInternship,Careers | Hudson River Trading,true,2026-10-01T10:38:42,200,
HRT,Design Verification (DV) Engineer,New York London Austin Boulder Chicago,,,https://www.hudsonrivertrading.com/hrt-job/design-verification-dv-engineer/,https://www.hudsonrivertrading.com/careers/?_offices=London&_4118765=Full-Time%3A+New+Grad%2CInternship,Careers | Hudson River Trading,true,2026-10-01T10:38:42,200,
HRT,Physical Design Engineer,New York London Austin Boulder Chicago,,,https://www.hudsonrivertrading.com/hrt-job/physical-design-engineer/,https://www.hudsonrivertrading.com/careers/?_offices=London&_4118765=Full-Time%3A+New+Grad%2CInternship,Careers | Hudson River Trading,true,2026-10-01T10:38:42,200,
HRT,Security Operations Engineer,New York,,,https://www.hudsonrivertrading.com/hrt-job/security-operations-engineer/,https://www.hudsonrivertrading.com/careers/?_offices=London&_4118765=Full-Time%3A+New+Grad%2CInternship,Careers | Hudson River Trading,true,2026-10-01T10:38:42,200,
HRT,Campus Recruiter,Singapore,,,https://www.hudsonrivertrading.com/hrt-job/campus-recruiter/,https://www.hudsonrivertrading.com/careers/?_offices=London&_4118765=Full-Time%3A+New+Grad%2CInternship,Careers | Hudson River Trading,true,2026-10-01T10:38:42,200,
HRT,Software Engineer – Enterprise Technology,New York,,,https://www.hudsonrivertrading.com/hrt-job/software-engineer-enterprise-technology/,https://www.hudsonrivertrading.com/careers/?_offices=London&_4118765=Full-Time%3A+New+Grad%2CInternship,Careers | Hudson River Trading,true,2026-10-01T10:38:42,200,
HRT,Research Data Engineer,Singapore London Chicago,,,https://www.hudsonrivertrading.com/hrt-job/data-production-engineer/,https://www.hudsonrivertrading.com/careers/?_offices=London&_4118765=Full-Time%3A+New+Grad%2CInternship,Careers | Hudson River Trading,true,2026-10-01T10:38:42,200,
HRT,Quantitative Latency Engineer,New York Singapore London Austin Chicago,,,https://www.hudsonrivertrading.com/hrt-job/quantitative-latency-engineer/,https://www.hudsonrivertrading.com/careers/?_offices=London&_4118765=Full-Time%3A+New+Grad%2CInternship,Careers | Hudson River Trading,true,2026-10-01T10:38:42,200,
HRT,Technical Recruiter,New York London,,,https://www.hudsonrivertrading.com/hrt-job/technical-recruiter/,https://www.hudsonrivertrading.com/careers/?_offices=London&_4118765=Full-Time%3A+New+Grad%2CInternship,Careers | Hudson River Trading,true,2026-10-01T10:38:42,200,
HRT,IT Operations Engineer,Singapore,,,https://www.hudsonrivertrading.com/hrt-job/it-operations-engineer/,https://www.hudsonrivertrading.com/careers/?_offices=London&_4118765=Full-Time%3A+New+Grad%2CInternship,Careers | Hudson River Trading,true,2026-10-01T10:38:42,200,
HRT,Systems Engineer – R&D,New York Austin Chicago,,,https://www.hudsonrivertrading.com/hrt-job/systems-engineer-rd/,https://www.hudsonrivertrading.com/careers/?_offices=London&_4118765=Full-Time%3A+New+Grad%2CInternship,Careers | Hudson River Trading,true,2026-10-01T10:38:42,200,
HRT,Deployment Engineer,Singapore,,,https://www.hudsonrivertrading.com/hrt-job/deployment-engineer/,https://www.hudsonrivertrading.com/careers/?_offices=London&_4118765=Full-Time%3A+New+Grad%2CInternship,Careers | Hudson River Trading,true,2026-10-01T10:38:42,200,
HRT,Software Engineer – GPU reliability,New York,,,https://www.hudsonrivertrading.com/hrt-job/software-engineer-gpu-reliability/,https://www.hudsonrivertrading.com/careers/?_offices=London&_4118765=Full-Time%3A+New+Grad%2CInternship,Careers | Hudson River Trading,true,2026-10-01T10:38:42,200,
HRT,Software Engineer – Treasury Infrastructure,New York,,,https://www.hudsonrivertrading.com/hrt-job/software-engineer-treasury-infrastructure/,https://www.hudsonrivertrading.com/careers/?_offices=London&_4118765=Full-Time%3A+New+Grad%2CInternship,Careers | Hudson River Trading,true,2026-10-01T10:38:42,200,
HRT,Software Engineer – Python,New York London Chicago,,,https://www.hudsonrivertrading.com/hrt-job/software-engineer-python-2/,https://www.hudsonrivertrading.com/careers/?_offices=London&_4118765=Full-Time%3A+New+Grad%2CInternship,Careers | Hudson River Trading,true,2026-10-01T10:38:42,200,
HRT,Research Engineer,New York London,,,https://www.hudsonrivertrading.com/hrt-job/research-engineer/,https://www.hudsonrivertrading.com/careers/?_offices=London&_4118765=Full-Time%3A+New+Grad%2CInternship,Careers | Hudson River Trading,true,2026-10-01T10:38:42,200,
HRT,Software Engineer – Distributed Compute,Singapore,,,https://www.hudsonrivertrading.com/hrt-job/software-engineer-distributed-compute-2/,https://www.hudsonrivertrading.com/careers/?_offices=London&_4118765=Full-Time%3A+New+Grad%2CInternship,Careers | Hudson River Trading,true,2026-10-01T10:38:42,200,
HRT,Fullstack Developer,New York London Chicago,,,https://www.hudsonrivertrading.com/hrt-job/fullstack-developer/,https://www.hudsonrivertrading.com/careers/?_offices=London&_4118765=Full-Time%3A+New+Grad%2CInternship,Careers | Hudson River Trading,true,2026-10-01T10:38:42,200,
HRT,Software Engineer – C++,New York London Austin Chicago,,,https://www.hudsonrivertrading.com/hrt-job/software-engineer-c/,https://www.hudsonrivertrading.com/careers/?_offices=London&_4118765=Full-Time%3A+New+Grad%2CInternship,Careers | Hudson River Trading,true,2026-10-01T10:38:42,200,
HRT,High Performance Compute (HPC) Storage Engineer,New York London Austin Chicago Norway,,,,https://www.hudsonrivertrading.com/careers/?_offices=London&_4118765=Full-Time%3A+New+Grad%2CInternship,Careers | Hudson River Trading,true,2026-10-01T10:38:42,200,
HRT,GPU Systems Engineer,New York London Austin Chicago Norway,,,,https://www.hudsonrivertrading.com/careers/?_offices=London&_4118765=Full-Time%3A+New+Grad%2CInternship,Careers | Hudson River Trading,true,2026-10-01T10:38:42,200,
HRT,HPC Network Engineer,New York Singapore London Austin Chicago,,,,https://www.hudsonrivertrading.com/careers/?_offices=London&_4118765=Full-Time%3A+New+Grad%2CInternship,Careers | Hudson River Trading,true,2026-10-01T10:38:42,200,
HRT,Middle Office Analyst – FX,New York,,,,https://www.hudsonrivertrading.com/careers/?_offices=London&_4118765=Full-Time%3A+New+Grad%2CInternship,Careers | Hudson River Trading,true,2026-10-01T10:38:42,200,
HRT,Risk Manager – Commodities,New York,,,,https://www.hudsonrivertrading.com/careers/?_offices=London&_4118765=Full-Time%3A+New+Grad%2CInternship,Careers | Hudson River Trading,true,2026-10-01T10:38:42,200,
HRT,Software Engineer – Distributed Compute,New York London,,,,https://www.hudsonrivertrading.com/careers/?_offices=London&_4118765=Full-Time%3A+New+Grad%2CInternship,Careers | Hudson River Trading,true,2026-10-01T10:38:42,200,
HRT,Software Engineer – Distributed Systems (Storage/Databases),New York,,,,https://www.hudsonrivertrading.com/careers/?_offices=London&_4118765=Full-Time%3A+New+Grad%2CInternship,Careers | Hudson River Trading,true,2026-10-01T10:38:42,200,
HRT,Experienced Hardware Design Engineer,New York Austin Boulder Chicago,,,,https://www.hudsonrivertrading.com/careers/?_offices=London&_4118765=Full-Time%3A+New+Grad%2CInternship,Careers | Hudson River Trading,true,2026-10-01T10:38:42,200,
HRT,Software Engineer – Low Level (C++),Hong Kong,,,,https://www.hudsonrivertrading.com/careers/?_offices=London&_4118765=Full-Time%3A+New+Grad%2CInternship,Careers | Hudson River Trading,true,2026-10-01T10:38:42,200,
HRT,Senior Network Engineer – Low Latency Trading,New York Singapore London Chicago,,,,https://www.hudsonrivertrading.com/careers/?_offices=London&_4118765=Full-Time%3A+New+Grad%2CInternship,Careers | Hudson River Trading,true,2026-10-01T10:38:42,200,
HRT,Software Engineer – Low Level (C++),Singapore,,,,https://www.hudsonrivertrading.com/careers/?_offices=London&_4118765=Full-Time%3A+New+Grad%2CInternship,Careers | Hudson River Trading,true,2026-10-01T10:38:42,200,
HRT,Quantitative Researcher (Mid-Freq),New York,,,,https://www.hudsonrivertrading.com/careers/?_offices=London&_4118765=Full-Time%3A+New+Grad%2CInternship,Careers | Hudson River Trading,true,2026-10-01T10:38:42,200,
HRT,Algo Developer,New York Singapore,,,,https://www.hudsonrivertrading.com/careers/?_offices=London&_4118765=Full-Time%3A+New+Grad%2CInternship,Careers | Hudson River Trading,true,2026-10-01T10:38:42,200,
HRT,Communications Specialist,New York,,,,https://www.hudsonrivertrading.com/careers/?_offices=London&_4118765=Full-Time%3A+New+Grad%2CInternship,Careers | Hudson River Trading,true,2026-10-01T10:38:42,200,
HRT,Software Engineer – Python,Singapore,,,,https://www.hudsonrivertrading.com/careers/?_offices=London&_4118765=Full-Time%3A+New+Grad%2CInternship,Careers | Hudson River Trading,true,2026-10-01T10:38:42,200,
HSBC,HAMF Governance and Oversight Manager,"Fareham, United Kingdom",Asset and Wealth Management,,,https://portal.careers.hsbc.com/careers?location=united%20kingdom&pid=563774608925495&businessArea=asset%20management&domain=hsbc.com&sort_by=relevance&triggerGoButton=false,HSBC jobs in united kingdom,false,2026-10-01T10:38:42,200,
HSBC,"Associate Director, Direct Lending","London, United Kingdom",Asset and Wealth Management,,,https://portal.careers.hsbc.com/careers?location=united%20kingdom&pid=563774608925495&businessArea=asset%20management&domain=hsbc.com&sort_by=relevance&triggerGoButton=false,HSBC jobs in united kingdom,false,2026-10-01T10:38:42,200,
HSBC,Alternatives Senior Business Analyst,"London, United Kingdom",Asset and Wealth Management,,,https://portal.careers.hsbc.com/careers?location=united%20kingdom&pid=563774608925495&businessArea=asset%20management&domain=hsbc.com&sort_by=relevance&triggerGoButton=false,HSBC jobs in united kingdom,false,2026-10-01T10:38:42,200,
HSBC,Multi-Asset Portfolio Manager,"London, United Kingdom",Asset and Wealth Management,,,https://portal.careers.hsbc.com/careers?location=united%20kingdom&pid=563774608925495&businessArea=asset%20management&domain=hsbc.com&sort_by=relevance&triggerGoButton=false,HSBC jobs in united kingdom,false,2026-10-01T10:38:42,200,
Jane Street,Quantitative Trader Internship,London,"Trading, Research, and Machine Learning",,https://www.janestreet.com/join-jane-street/position/8474407002/,https://www.janestreet.com/join-jane-street/open-roles/?type=students-and-new-grads&location=london,Open Roles :: Jane Street,false,2026-10-01T10:38:42,200,
Jane Street,Quantitative Trader Full-Time: New Grad,London,"Trading, Research, and Machine Learning",,https://www.janestreet.com/join-jane-street/position/8576270002/,https://www.janestreet.com/join-jane-street/open-roles/?type=students-and-new-grads&location=london,Open Roles :: Jane Street,false,2026-10-01T10:38:42,200,
Jane Street,Quantitative Researcher Internship,London,"Trading, Research, and Machine Learning",,https://www.janestreet.com/join-jane-street/position/8474416002/,https://www.janestreet.com/join-jane-street/open-roles/?type=students-and-new-grads&location=london,Open Roles :: Jane Street,false,2026-10-01T10:38:42,200,
Jane Street,Quantitative Researcher Full-Time: New Grad,London,"Trading, Research, and Machine Learning",,https://www.janestreet.com/join-jane-street/position/8600948002/,https://www.janestreet.com/join-jane-street/open-roles/?type=students-and-new-grads&location=london,Open Roles :: Jane Street,false,2026-10-01T10:38:42,200,
Jane Street,Machine Learning Engineer Internship,London,"Trading, Research, and Machine Learning",,https://www.janestreet.com/join-jane-street/position/8648474002/,https://www.janestreet.com/join-jane-street/open-roles/?type=students-and-new-grads&location=london,Open Roles :: Jane Street,false,2026-10-01T10:38:42,200,
Jane Street,Machine Learning Researcher Full-Time: New Grad,London,"Trading, Research, and Machine Learning",,https://www.janestreet.com/join-jane-street/position/8576931002/,https://www.janestreet.com/join-jane-street/open-roles/?type=students-and-new-grads&location=london,Open Roles :: Jane Street,false,2026-10-01T10:38:42,200,
Jane Street,Machine Learning Researcher Internship,London,"Trading, Research, and Machine Learning",,https://www.janestreet.com/join-jane-street/position/8594416002/,https://www.janestreet.com/join-jane-street/open-roles/?type=students-and-new-grads&location=london,Open Roles :: Jane Street,false,2026-10-01T10:38:42,200,
Jane Street,Software Engineer Internship,London,Technology,,https://www.janestreet.com/join-jane-street/position/8589868002/,https://www.janestreet.com/join-jane-street/open-roles/?type=students-and-new-grads&location=london,Open Roles :: Jane Street,false,2026-10-01T10:38:42,200,
Jane Street,Software Engineer Full-Time: New Grad,London,Technology,,https://www.janestreet.com/join-jane-street/position/8647260002/,https://www.janestreet.com/join-jane-street/open-roles/?type=students-and-new-grads&location=london,Open Roles :: Jane Street,false,2026-10-01T10:38:42,200,
Jane Street,Cybersecurity Engineer: Security Operations Center (SOC) Full-Time: New Grad,London,Cybersecurity,,https://www.janestreet.com/join-jane-street/position/8842136002/,https://www.janestreet.com/join-jane-street/open-roles/?type=students-and-new-grads&location=london,Open Roles :: Jane Street,false,2026-10-01T10:38:42,200,
Jane Street,Hardware Engineer (FPGA/ASIC) Internship,London,Technology,,https://www.janestreet.com/join-jane-street/position/8651323002/,https://www.janestreet.com/join-jane-street/open-roles/?type=students-and-new-grads&location=london,Open Roles :: Jane Street,false,2026-10-01T10:38:42,200,
Jane Street,Hardware Engineer (FPGA/ASIC) Full-Time: New Grad,London,Technology,,https://www.janestreet.com/join-jane-street/position/8651405002/,https://www.janestreet.com/join-jane-street/open-roles/?type=students-and-new-grads&location=london,Open Roles :: Jane Street,false,2026-10-01T10:38:42,200,
Jane Street,IT Operations Engineer Internship,London,Technology,,https://www.janestreet.com/join-jane-street/position/8651274002/,https://www.janestreet.com/join-jane-street/open-roles/?type=students-and-new-grads&location=london,Open Roles :: Jane Street,false,2026-10-01T10:38:42,200,
Jane Street,Linux Engineer Full-Time: New Grad,London,Technology,,https://www.janestreet.com/join-jane-street/position/8651286002/,https://www.janestreet.com/join-jane-street/open-roles/?type=students-and-new-grads&location=london,Open Roles :: Jane Street,false,2026-10-01T10:38:42,200,
Jane Street,Linux Engineer Internship,London,Technology,,https://www.janestreet.com/join-jane-street/position/8626146002/,https://www.janestreet.com/join-jane-street/open-roles/?type=students-and-new-grads&location=london,Open Roles :: Jane Street,false,2026-10-01T10:38:42,200,
Jane Street,Procurement Specialist Internship,London,Technology,,https://www.janestreet.com/join-jane-street/position/8693554002/,https://www.janestreet.com/join-jane-street/open-roles/?type=students-and-new-grads&location=london,Open Roles :: Jane Street,false,2026-10-01T10:38:42,200,
Jane Street,Sales and Trading Internship,London,Institutional Sales and Trading,,https://www.janestreet.com/join-jane-street/position/8537797002/,https://www.janestreet.com/join-jane-street/open-roles/?type=students-and-new-grads&location=london,Open Roles :: Jane Street,false,2026-10-01T10:38:42,200,
Jane Street,Strategy and Product Internship,London,Strategy and Product,,https://www.janestreet.com/join-jane-street/position/8518854002/,https://www.janestreet.com/join-jane-street/open-roles/?type=students-and-new-grads&location=london,Open Roles :: Jane Street,false,2026-10-01T10:38:42,200,
Jane Street,Tools and Compilers Research and Development Internship,London,Technology,,https://www.janestreet.com/join-jane-street/position/5866838002/,https://www.janestreet.com/join-jane-street/open-roles/?type=students-and-new-grads&location=london,Open Roles :: Jane Street,false,2026-10-01T10:38:42,200,
Jane Street,Trading Desk Operations Engineer Full-Time: New Grad,London,"Trading, Research, and Machine Learning",,https://www.janestreet.com/join-jane-street/position/8782247002/,https://www.janestreet.com/join-jane-street/open-roles/?type=students-and-new-grads&location=london,Open Roles :: Jane Street,false,2026-10-01T10:38:42,200,
Jane Street,Trading Desk Operations Engineer Internship,London,"Trading, Research, and Machine Learning",,https://www.janestreet.com/join-jane-street/position/8700980002/,https://www.janestreet.com/join-jane-street/open-roles/?type=students-and-new-grads&location=london,Open Roles :: Jane Street,false,2026-10-01T10:38:42,200,
Jane Street,Windows Engineer Internship,London,Technology,,https://www.janestreet.com/join-jane-street/position/8755768002/,https://www.janestreet.com/join-jane-street/open-roles/?type=students-and-new-grads&location=london,Open Roles :: Jane Street,false,2026-10-01T10:38:42,200,
Mako,Compliance & Surveillance Analyst,LONDON,COMPLIANCE,,https://www.mako.com/opportunities/job-listing?gh_jid=8733302002,https://www.mako.com/opportunities,Our Career Opportunities | View Our Job Opportunities & Apply To Join Mako,false,2026-10-01T10:38:42,200,
Mako,Equity Analyst,DUBLIN,TRADING,,https://www.mako.com/opportunities/job-listing?gh_jid=8608699002,https://www.mako.com/opportunities,Our Career Opportunities | View Our Job Opportunities & Apply To Join Mako,false,2026-10-01T10:38:42,200,
Mako,Graduate Software Engineer,SYDNEY,SOFTWARE ENGINEERING,,https://www.mako.com/opportunities/job-listing?gh_jid=8608667002,https://www.mako.com/opportunities,Our Career Opportunities | View Our Job Opportunities & Apply To Join Mako,false,2026-10-01T10:38:42,200,
Mako,Graduate Trader,SYDNEY,TRADING,,https://www.mako.com/opportunities/job-listing?gh_jid=8654611002,https://www.mako.com/opportunities,Our Career Opportunities | View Our Job Opportunities & Apply To Join Mako,false,2026-10-01T10:38:42,200,
Mako,Options Trader - India,SINGAPORE,TRADING,,https://www.mako.com/opportunities/job-listing?gh_jid=8654613002,https://www.mako.com/opportunities,Our Career Opportunities | View Our Job Opportunities & Apply To Join Mako,false,2026-10-01T10:38:42,200,
Mako,Platform Engineer,LONDON,FRONT OFFICE INFRASTRUCTURE,,https://www.mako.com/opportunities/job-listing?gh_jid=8859160002,https://www.mako.com/opportunities,Our Career Opportunities | View Our Job Opportunities & Apply To Join Mako,false,2026-10-01T10:38:42,200,
Mako,Quantitative Trader,SYDNEY,TRADING,,https://www.mako.com/opportunities/job-listing?gh_jid=8842225002,https://www.mako.com/opportunities,Our Career Opportunities | View Our Job Opportunities & Apply To Join Mako,false,2026-10-01T10:38:42,200,
Mako,Senior Trader,SYDNEY,TRADING,,https://www.mako.com/opportunities/job-listing?gh_jid=8689410002,https://www.mako.com/opportunities,Our Career Opportunities | View Our Job Opportunities & Apply To Join Mako,false,2026-10-01T10:38:42,200,
Man Group,Quant Researcher - Macro Trend,London,AHL Alpha Research,,https://job-boards.eu.greenhouse.io/mangroup/jobs/4880305101,https://job-boards.eu.greenhouse.io/mangroup,Jobs at Man Group,false,2026-10-01T10:38:42,200,
Man Group,Client Portfolio Manager - Systematic,London,Central (Non-Research),,https://job-boards.eu.greenhouse.io/mangroup/jobs/4956063101,https://job-boards.eu.greenhouse.io/mangroup,Jobs at Man Group,false,2026-10-01T10:38:42,200,
Man Group,Receptionist | Administrative Assistant,New York,Corporate Real Estate,,https://job-boards.eu.greenhouse.io/mangroup/jobs/4941978101,https://job-boards.eu.greenhouse.io/mangroup,Jobs at Man Group,false,2026-10-01T10:38:42,200,
Man Group,Business Onboarding Analyst,London,Operations,,https://job-boards.eu.greenhouse.io/mangroup/jobs/4960529101,https://job-boards.eu.greenhouse.io/mangroup,Jobs at Man Group,false,2026-10-01T10:38:42,200,
Man Group,Investment Operations Specialist,Shanghai,Operations,,https://job-boards.eu.greenhouse.io/mangroup/jobs/4977356101,https://job-boards.eu.greenhouse.io/mangroup,Jobs at Man Group,false,2026-10-01T10:38:42,200,
Man Group,Investment Specialists Analyst,Boston,Operations,,https://job-boards.eu.greenhouse.io/mangroup/jobs/4965206101,https://job-boards.eu.greenhouse.io/mangroup,Jobs at Man Group,false,2026-10-01T10:38:42,200,
Man Group,Middle Office and Accounting Analyst,Fort Worth; Texas,Operations,,https://job-boards.eu.greenhouse.io/mangroup/jobs/4950564101,https://job-boards.eu.greenhouse.io/mangroup,Jobs at Man Group,false,2026-10-01T10:38:42,200,
Man Group,Regulatory Operations Analyst,New London,Operations,,https://job-boards.eu.greenhouse.io/mangroup/jobs/4988492101,https://job-boards.eu.greenhouse.io/mangroup,Jobs at Man Group,false,2026-10-01T10:38:42,200,
Man Group,"Specialist Credit, Discretionary Middle Office",London,Operations,,https://job-boards.eu.greenhouse.io/mangroup/jobs/4949716101,https://job-boards.eu.greenhouse.io/mangroup,Jobs at Man Group,false,2026-10-01T10:38:42,200,
Man Group,Trade Support Analyst,New York,COO Office,,https://job-boards.eu.greenhouse.io/mangroup/jobs/4965210101,https://job-boards.eu.greenhouse.io/mangroup,Jobs at Man Group,false,2026-10-01T10:38:42,200,
Man Group,Portfolio Management Analyst,New York,Direct Lending,,https://job-boards.eu.greenhouse.io/mangroup/jobs/4933777101,https://job-boards.eu.greenhouse.io/mangroup,Jobs at Man Group,false,2026-10-01T10:38:42,200,
Man Group,"Analyst, Fund Expense",London,Finance,,https://job-boards.eu.greenhouse.io/mangroup/jobs/4979419101,https://job-boards.eu.greenhouse.io/mangroup,Jobs at Man Group,false,2026-10-01T10:38:42,200,
Man Group,"Director, US Finance",Fort Worth; New York City,Finance,,https://job-boards.eu.greenhouse.io/mangroup/jobs/4956023101,https://job-boards.eu.greenhouse.io/mangroup,Jobs at Man Group,false,2026-10-01T10:38:42,200,
Man Group,Global Funds Treasury Summer 2027 Internship,New London,Finance,,https://job-boards.eu.greenhouse.io/mangroup/jobs/4989438101,https://job-boards.eu.greenhouse.io/mangroup,Jobs at Man Group,false,2026-10-01T10:38:42,200,
Man Group,"Senior Analyst, Regulatory Reporting and Financial Accounting",London,Finance,,https://job-boards.eu.greenhouse.io/mangroup/jobs/4958206101,https://job-boards.eu.greenhouse.io/mangroup,Jobs at Man Group,false,2026-10-01T10:38:42,200,
Man Group,"Senior Associate, Group Tax",Fort Worth; Texas,Tax,,https://job-boards.eu.greenhouse.io/mangroup/jobs/4839427101,https://job-boards.eu.greenhouse.io/mangroup,Jobs at Man Group,false,2026-10-01T10:38:42,200,
Man Group,Investment Risk 2027 Summer Internship,New London,Investment Risk,,https://job-boards.eu.greenhouse.io/mangroup/jobs/4988792101,https://job-boards.eu.greenhouse.io/mangroup,Jobs at Man Group,false,2026-10-01T10:38:42,200,
Man Group,Business Manager,Boston; Massachusetts,Numeric,,https://job-boards.eu.greenhouse.io/mangroup/jobs/4939653101,https://job-boards.eu.greenhouse.io/mangroup,Jobs at Man Group,false,2026-10-01T10:38:42,200,
Man Group,Junior Quant - MBS,Boston; New York,Numeric,,https://job-boards.eu.greenhouse.io/mangroup/jobs/4960828101,https://job-boards.eu.greenhouse.io/mangroup,Jobs at Man Group,false,2026-10-01T10:38:42,200,
Man Group,Quantitative Researcher,Massachusetts,Numeric,,https://job-boards.eu.greenhouse.io/mangroup/jobs/4943305101,https://job-boards.eu.greenhouse.io/mangroup,Jobs at Man Group,false,2026-10-01T10:38:42,200,
Man Group,Research Analyst,Massachusetts,Numeric,,https://job-boards.eu.greenhouse.io/mangroup/jobs/4844286101,https://job-boards.eu.greenhouse.io/mangroup,Jobs at Man Group,false,2026-10-01T10:38:42,200,
Man Group,People Analytics & AI Transformation Analyst - 6m FTC,London,People,,https://job-boards.eu.greenhouse.io/mangroup/jobs/4974906101,https://job-boards.eu.greenhouse.io/mangroup,Jobs at Man Group,false,2026-10-01T10:38:42,200,
Man Group,Risk & Performance Analyst,Boston,Sales and Marketing,,https://job-boards.eu.greenhouse.io/mangroup/jobs/4958874101,https://job-boards.eu.greenhouse.io/mangroup,Jobs at Man Group,false,2026-10-01T10:38:42,200,
Man Group,Social Media Manager - 12m FTC,London,Marketing,,https://job-boards.eu.greenhouse.io/mangroup/jobs/4980060101,https://job-boards.eu.greenhouse.io/mangroup,Jobs at Man Group,false,2026-10-01T10:38:42,200,
Man Group,"Associate, Discretionary Investment Specialists",New London,Sales,,https://job-boards.eu.greenhouse.io/mangroup/jobs/4989468101,https://job-boards.eu.greenhouse.io/mangroup,Jobs at Man Group,false,2026-10-01T10:38:42,200,
Man Group,"Associate, Solutions Investment Specialists",London,Sales,,https://job-boards.eu.greenhouse.io/mangroup/jobs/4950572101,https://job-boards.eu.greenhouse.io/mangroup,Jobs at Man Group,false,2026-10-01T10:38:42,200,
Man Group,Client Relations Associate,London,Sales,,https://job-boards.eu.greenhouse.io/mangroup/jobs/4958873101,https://job-boards.eu.greenhouse.io/mangroup,Jobs at Man Group,false,2026-10-01T10:38:42,200,
Man Group,Client Relations Associate (Italian Speaker) - 12m FTC,London,Sales,,https://job-boards.eu.greenhouse.io/mangroup/jobs/4958872101,https://job-boards.eu.greenhouse.io/mangroup,Jobs at Man Group,false,2026-10-01T10:38:42,200,
Man Group,Client Relations Associate (Italian Speaker) - 12m FTC,Pfaffikon; Switzerland,Sales,,https://job-boards.eu.greenhouse.io/mangroup/jobs/4960244101,https://job-boards.eu.greenhouse.io/mangroup,Jobs at Man Group,false,2026-10-01T10:38:42,200,
Man Group,"Executive Director, China",China,Sales,,https://job-boards.eu.greenhouse.io/mangroup/jobs/4921057101,https://job-boards.eu.greenhouse.io/mangroup,Jobs at Man Group,false,2026-10-01T10:38:42,200,
Man Group,Man Group Investment Specialist,London,Sales,,https://job-boards.eu.greenhouse.io/mangroup/jobs/4976742101,https://job-boards.eu.greenhouse.io/mangroup,Jobs at Man Group,false,2026-10-01T10:38:42,200,
Man Group,Risk & Performance Analyst,Sofia,Sales,,https://job-boards.eu.greenhouse.io/mangroup/jobs/4957895101,https://job-boards.eu.greenhouse.io/mangroup,Jobs at Man Group,false,2026-10-01T10:38:42,200,
Man Group,US Institutional Sales - Vice President/Director,New York,Sales,,https://job-boards.eu.greenhouse.io/mangroup/jobs/4501940101,https://job-boards.eu.greenhouse.io/mangroup,Jobs at Man Group,false,2026-10-01T10:38:42,200,
Man Group,Quant Research Analyst Intern,Shanghai,Systematic,,https://job-boards.eu.greenhouse.io/mangroup/jobs/4982410101,https://job-boards.eu.greenhouse.io/mangroup,Jobs at Man Group,false,2026-10-01T10:38:42,200,
Man Group,Quant Researcher - Macro; Futures / FX,London,Systematic,,https://job-boards.eu.greenhouse.io/mangroup/jobs/4966466101,https://job-boards.eu.greenhouse.io/mangroup,Jobs at Man Group,false,2026-10-01T10:38:42,200,
Man Group,Team Administrator,Boston; Massachusetts,Systematic,,https://job-boards.eu.greenhouse.io/mangroup/jobs/4966467101,https://job-boards.eu.greenhouse.io/mangroup,Jobs at Man Group,false,2026-10-01T10:38:42,200,
Man Group,Team Administrator - 12 Month FTC,London,Systematic,,https://job-boards.eu.greenhouse.io/mangroup/jobs/4983707101,https://job-boards.eu.greenhouse.io/mangroup,Jobs at Man Group,false,2026-10-01T10:38:42,200,
Man Group,2027 Summer Technology Internship Programme,London,Technology,,https://job-boards.eu.greenhouse.io/mangroup/jobs/4978934101,https://job-boards.eu.greenhouse.io/mangroup,Jobs at Man Group,false,2026-10-01T10:38:42,200,
Man Group,Application Support Engineer,Sofia,Technology,,https://job-boards.eu.greenhouse.io/mangroup/jobs/4921246101,https://job-boards.eu.greenhouse.io/mangroup,Jobs at Man Group,false,2026-10-01T10:38:42,200,
Man Group,Lead Quantitative Developer - Systematic,China,Technology,,https://job-boards.eu.greenhouse.io/mangroup/jobs/4908077101,https://job-boards.eu.greenhouse.io/mangroup,Jobs at Man Group,false,2026-10-01T10:38:42,200,
Man Group,Product Lead,New London,Technology,,https://job-boards.eu.greenhouse.io/mangroup/jobs/4988656101,https://job-boards.eu.greenhouse.io/mangroup,Jobs at Man Group,false,2026-10-01T10:38:42,200,
Man Group,Quantitative Developer - AHL,London,Technology,,https://job-boards.eu.greenhouse.io/mangroup/jobs/4844843101,https://job-boards.eu.greenhouse.io/mangroup,Jobs at Man Group,false,2026-10-01T10:38:42,200,
Man Group,Quantitative Developer - Systematic,China,Technology,,https://job-boards.eu.greenhouse.io/mangroup/jobs/4908078101,https://job-boards.eu.greenhouse.io/mangroup,Jobs at Man Group,false,2026-10-01T10:38:42,200,
Man Group,Senior Java Engineer,Massachusetts,Technology,,https://job-boards.eu.greenhouse.io/mangroup/jobs/4936363101,https://job-boards.eu.greenhouse.io/mangroup,Jobs at Man Group,false,2026-10-01T10:38:42,200,
Man Group,Senior Python Engineer,Sofia,Technology,,https://job-boards.eu.greenhouse.io/mangroup/jobs/4843066101,https://job-boards.eu.greenhouse.io/mangroup,Jobs at Man Group,false,2026-10-01T10:38:42,200,
Man Group,Senior Python Engineer - Real- Time Data,London,Technology,,https://job-boards.eu.greenhouse.io/mangroup/jobs/4867062101,https://job-boards.eu.greenhouse.io/mangroup,Jobs at Man Group,false,2026-10-01T10:38:42,200,
Man Group,Senior Quantitative Developer,Boston; Massachusetts,Technology,,https://job-boards.eu.greenhouse.io/mangroup/jobs/4936362101,https://job-boards.eu.greenhouse.io/mangroup,Jobs at Man Group,false,2026-10-01T10:38:42,200,
Man Group,Senior Storage Automation Engineer,Sofia,Technology,,https://job-boards.eu.greenhouse.io/mangroup/jobs/4863615101,https://job-boards.eu.greenhouse.io/mangroup,Jobs at Man Group,false,2026-10-01T10:38:42,200,
Man Group,Senior System Engineer,London,Technology,,https://job-boards.eu.greenhouse.io/mangroup/jobs/4838225101,https://job-boards.eu.greenhouse.io/mangroup,Jobs at Man Group,false,2026-10-01T10:38:42,200,
Man Group,Senior Technical Support Engineer,London,Technology,,https://job-boards.eu.greenhouse.io/mangroup/jobs/4955465101,https://job-boards.eu.greenhouse.io/mangroup,Jobs at Man Group,false,2026-10-01T10:38:42,200,
Mediobanca,Mediobanca Wealth Management Talent Program,,Wealth Management,,https://www.mediobanca.com/en/work-with-us/talent-program.html,https://www.mediobanca.com/en/work-with-us/open-positions.html,Open positions - Mediobanca Group,false,2026-10-01T10:38:42,200,
Mizuho,"Credit Risk, Securitization - Vice President","London (Lon), GB",,17 Sept 2026,https://careers.mizuhoemea.com/job/London-Credit-Risk%2C-Securitization-Vice-President-Lond/1355831557/,https://careers.mizuhoemea.com/search/?createNewAlert=false&q=&locationsearch=london&optionsFacetsDD_dept=,London - Mizuho Jobs,false,2026-10-01T10:38:42,200,
Mizuho,"Credit Risk - Project Finance, Vice President","London (Lon), GB",,26 Sept 2026,https://careers.mizuhoemea.com/job/London-Credit-Risk-Project-Finance%2C-Vice-President-Lond/1370724857/,https://careers.mizuhoemea.com/search/?createNewAlert=false&q=&locationsearch=london&optionsFacetsDD_dept=,London - Mizuho Jobs,false,2026-10-01T10:38:42,200,
Mizuho,"GTBD, Risk and Collateral Management Team - Associate","London (Lon), GB",,30 Sept 2026,https://careers.mizuhoemea.com/job/London-GTBD%2C-Risk-and-Collateral-Management-Team-Associate-Lond/1370975257/,https://careers.mizuhoemea.com/search/?createNewAlert=false&q=&locationsearch=london&optionsFacetsDD_dept=,London - Mizuho Jobs,false,2026-10-01T10:38:42,200,
Mizuho,FIG Client Coverage Team - Vice President,"London (Lon), GB",,26 Sept 2026,https://careers.mizuhoemea.com/job/London-FIG-Client-Coverage-Team-Vice-President-Lond/1365308057/,https://careers.mizuhoemea.com/search/?createNewAlert=false&q=&locationsearch=london&optionsFacetsDD_dept=,London - Mizuho Jobs,false,2026-10-01T10:38:42,200,
Mizuho,"Legal Counsel, Data Privacy & Commercial Contracts - Vice President","London (Lon), GB",,19 Sept 2026,https://careers.mizuhoemea.com/job/London-Legal-Counsel%2C-Data-Privacy-&-Commercial-Contracts-Vice-President-Lond/1366052257/,https://careers.mizuhoemea.com/search/?createNewAlert=false&q=&locationsearch=london&optionsFacetsDD_dept=,London - Mizuho Jobs,false,2026-10-01T10:38:42,200,
Mizuho,"Legal Counsel, Structured Finance - Vice President","London (Lon), GB",,5 Sept 2026,https://careers.mizuhoemea.com/job/London-Legal-Counsel%2C-Structured-Finance-Vice-President-Lond/1368906457/,https://careers.mizuhoemea.com/search/?createNewAlert=false&q=&locationsearch=london&optionsFacetsDD_dept=,London - Mizuho Jobs,false,2026-10-01T10:38:42,200,
Mizuho,"Credit Risk, Real Estate Finance - Vice President","London (Lon), GB",,30 Sept 2026,https://careers.mizuhoemea.com/job/London-Credit-Risk%2C-Real-Estate-Finance-Vice-President-Lond/1373617457/,https://careers.mizuhoemea.com/search/?createNewAlert=false&q=&locationsearch=london&optionsFacetsDD_dept=,London - Mizuho Jobs,false,2026-10-01T10:38:42,200,
Mizuho,"FX & FI Derivatives, Market Risk - Director","London (Lon), GB",,18 Sept 2026,https://careers.mizuhoemea.com/job/London-FX-&-FI-Derivatives%2C-Market-Risk-Director-Lond/1372611357/,https://careers.mizuhoemea.com/search/?createNewAlert=false&q=&locationsearch=london&optionsFacetsDD_dept=,London - Mizuho Jobs,false,2026-10-01T10:38:42,200,
Mizuho,"Legal Counsel, Structured Finance - Director","London (Lon), GB",,8 Sept 2026,https://careers.mizuhoemea.com/job/London-Legal-Counsel%2C-Structured-Finance-Director-Lond/1371576757/,https://careers.mizuhoemea.com/search/?createNewAlert=false&q=&locationsearch=london&optionsFacetsDD_dept=,London - Mizuho Jobs,false,2026-10-01T10:38:42,200,
Mizuho,"Financial Crime Compliance, Sanctions - AVP","London (Lon), GB",,15 Sept 2026,https://careers.mizuhoemea.com/job/London-Financial-Crime-Compliance%2C-Sanctions-AVP-Lond/1372218757/,https://careers.mizuhoemea.com/search/?createNewAlert=false&q=&locationsearch=london&optionsFacetsDD_dept=,London - Mizuho Jobs,false,2026-10-01T10:38:42,200,
Mizuho,Loans Trading - Executive Director,"London (Lon), GB",,30 Sept 2026,https://careers.mizuhoemea.com/job/London-Loans-Trading-Executive-Director-Lond/1368441757/,https://careers.mizuhoemea.com/search/?createNewAlert=false&q=&locationsearch=london&optionsFacetsDD_dept=,London - Mizuho Jobs,false,2026-10-01T10:38:42,200,
Mizuho,Renewable Energy Investment Banking - Associate,"London Mayfair (LonMay), GB",,15 Sept 2026,https://careers.mizuhoemea.com/job/Mayfair-Renewable-Energy-Investment-Banking-Associate-Lond/1372212657/,https://careers.mizuhoemea.com/search/?createNewAlert=false&q=&locationsearch=london&optionsFacetsDD_dept=,London - Mizuho Jobs,false,2026-10-01T10:38:42,200,
MUFG,"Vice President Credit Manager, EMEA (GMMT)",London,,Posted Yesterday,https://mufgub.wd3.myworkdayjobs.com/en-US/MUFG-Careers/job/London/Vice-President-Credit-Manager--EMEA--GMMT-_10079769-WD-1?locations=6b43f47df6f201dc06f8def14e013e4e,https://mufgub.wd3.myworkdayjobs.com/en-US/MUFG-Careers?locations=6b43f47df6f201dc06f8def14e013e4e,Search for Jobs,true,2026-10-01T10:38:42,200,
MUFG,"Assistant Vice President, Loans Agency, Transaction Manager",London,,Posted Yesterday,https://mufgub.wd3.myworkdayjobs.com/en-US/MUFG-Careers/job/London/Assistant-Vice-President--Loans-Agency--Transaction-Coordinator_10070716-WD-4?locations=6b43f47df6f201dc06f8def14e013e4e,https://mufgub.wd3.myworkdayjobs.com/en-US/MUFG-Careers?locations=6b43f47df6f201dc06f8def14e013e4e,Search for Jobs,true,2026-10-01T10:38:42,200,
MUFG,Cyber Security Project & Transition Manager,London,,Posted Yesterday,https://mufgub.wd3.myworkdayjobs.com/en-US/MUFG-Careers/job/London/Cyber-Security-Project---Transition-Manager_10079792-WD?locations=6b43f47df6f201dc06f8def14e013e4e,https://mufgub.wd3.myworkdayjobs.com/en-US/MUFG-Careers?locations=6b43f47df6f201dc06f8def14e013e4e,Search for Jobs,true,2026-10-01T10:38:42,200,
MUFG,2027 MUFG EMEA: Application Master Class,London,,Posted Yesterday,https://mufgub.wd3.myworkdayjobs.com/en-US/MUFG-Careers/job/London/XMLNAME-2027-MUFG-EMEA--Application-Master-Class_10079858-WD-1?locations=6b43f47df6f201dc06f8def14e013e4e,https://mufgub.wd3.myworkdayjobs.com/en-US/MUFG-Careers?locations=6b43f47df6f201dc06f8def14e013e4e,Search for Jobs,true,2026-10-01T10:38:42,200,
MUFG,"Vice President, IT Security Risk and Control",London,,Posted Yesterday,https://mufgub.wd3.myworkdayjobs.com/en-US/MUFG-Careers/job/London/Vice-President--IT-Security-Risk-and-Control_10079810-WD?locations=6b43f47df6f201dc06f8def14e013e4e,https://mufgub.wd3.myworkdayjobs.com/en-US/MUFG-Careers?locations=6b43f47df6f201dc06f8def14e013e4e,Search for Jobs,true,2026-10-01T10:38:42,200,
MUFG,"Assistant Vice President, Data Security Analyst",London,,Posted Yesterday,https://mufgub.wd3.myworkdayjobs.com/en-US/MUFG-Careers/job/London/Assistant-Vice-President--Data-Security-Analyst_10079391-WD?locations=6b43f47df6f201dc06f8def14e013e4e,https://mufgub.wd3.myworkdayjobs.com/en-US/MUFG-Careers?locations=6b43f47df6f201dc06f8def14e013e4e,Search for Jobs,true,2026-10-01T10:38:42,200,
MUFG,VP - Finance Risk and Governance,London,,Posted 2 Days Ago,https://mufgub.wd3.myworkdayjobs.com/en-US/MUFG-Careers/job/London/VP---Finance-Risk-and-Governance_10079812-WD-1?locations=6b43f47df6f201dc06f8def14e013e4e,https://mufgub.wd3.myworkdayjobs.com/en-US/MUFG-Careers?locations=6b43f47df6f201dc06f8def14e013e4e,Search for Jobs,true,2026-10-01T10:38:42,200,
MUFG,"Assistant Vice President, Credit Manager, Credit Office for EMEA",London,,Posted 2 Days Ago,https://mufgub.wd3.myworkdayjobs.com/en-US/MUFG-Careers/job/London/Assistant-Vice-President--Credit-Manager--Credit-Office-for-EMEA_10078356-WD?locations=6b43f47df6f201dc06f8def14e013e4e,https://mufgub.wd3.myworkdayjobs.com/en-US/MUFG-Careers?locations=6b43f47df6f201dc06f8def14e013e4e,Search for Jobs,true,2026-10-01T10:38:42,200,
MUFG,2027 MUFG UK Summer Analyst Programme: Global Client Sales,London,,Posted 2 Days Ago,https://mufgub.wd3.myworkdayjobs.com/en-US/MUFG-Careers/job/London/XMLNAME-2027-MUFG-UK-Summer-Analyst-Programme--Global-Client-Sales_10079834-WD?locations=6b43f47df6f201dc06f8def14e013e4e,https://mufgub.wd3.myworkdayjobs.com/en-US/MUFG-Careers?locations=6b43f47df6f201dc06f8def14e013e4e,Search for Jobs,true,2026-10-01T10:38:42,200,
MUFG,Debt Capital Markets Lawyer - AVP,London,,Posted 3 Days Ago,https://mufgub.wd3.myworkdayjobs.com/en-US/MUFG-Careers/job/London/Debt-Capital-Markets-Lawyer---AVP_10077687-WD-3?locations=6b43f47df6f201dc06f8def14e013e4e,https://mufgub.wd3.myworkdayjobs.com/en-US/MUFG-Careers?locations=6b43f47df6f201dc06f8def14e013e4e,Search for Jobs,true,2026-10-01T10:38:42,200,
MUFG,"Vice President, Leveraged Finance Lawyer",London,,Posted 3 Days Ago,https://mufgub.wd3.myworkdayjobs.com/en-US/MUFG-Careers/job/London/Vice-President--Leveraged-Finance_10078704-WD-1?locations=6b43f47df6f201dc06f8def14e013e4e,https://mufgub.wd3.myworkdayjobs.com/en-US/MUFG-Careers?locations=6b43f47df6f201dc06f8def14e013e4e,Search for Jobs,true,2026-10-01T10:38:42,200,
MUFG,Crisis & Incident Data Analyst,London,,Posted 6 Days Ago,https://mufgub.wd3.myworkdayjobs.com/en-US/MUFG-Careers/job/London/Crisis---Incident-Data-Analyst_10079756-WD?locations=6b43f47df6f201dc06f8def14e013e4e,https://mufgub.wd3.myworkdayjobs.com/en-US/MUFG-Careers?locations=6b43f47df6f201dc06f8def14e013e4e,Search for Jobs,true,2026-10-01T10:38:42,200,
MUFG,"Associate, Client Implementation Manager",London,,Posted 6 Days Ago,https://mufgub.wd3.myworkdayjobs.com/en-US/MUFG-Careers/job/London/Associate--Client-Implementation-Manager_10079344-WD?locations=6b43f47df6f201dc06f8def14e013e4e,https://mufgub.wd3.myworkdayjobs.com/en-US/MUFG-Careers?locations=6b43f47df6f201dc06f8def14e013e4e,Search for Jobs,true,2026-10-01T10:38:42,200,
MUFG,FIG Credit Director - SSFF,London,,Posted 6 Days Ago,https://mufgub.wd3.myworkdayjobs.com/en-US/MUFG-Careers/job/London/FIG-Credit-Director---SSFF_10077753-WD?locations=6b43f47df6f201dc06f8def14e013e4e,https://mufgub.wd3.myworkdayjobs.com/en-US/MUFG-Careers?locations=6b43f47df6f201dc06f8def14e013e4e,Search for Jobs,true,2026-10-01T10:38:42,200,
MUFG,Operations DX & AI Delivery Specialist - Assistant Vice President,London,,Posted 6 Days Ago,https://mufgub.wd3.myworkdayjobs.com/en-US/MUFG-Careers/job/London/Operations-DX---AI-Delivery-Specialist---Assistant-Vice-President_10079003-WD?locations=6b43f47df6f201dc06f8def14e013e4e,https://mufgub.wd3.myworkdayjobs.com/en-US/MUFG-Careers?locations=6b43f47df6f201dc06f8def14e013e4e,Search for Jobs,true,2026-10-01T10:38:42,200,
MUFG,"VP, Systems Monitoring & Observability Technical Lead",London,,Posted 8 Days Ago,https://mufgub.wd3.myworkdayjobs.com/en-US/MUFG-Careers/job/London/VP--Systems-Monitoring---Observability-Technical-Lead_10079199-WD-1?locations=6b43f47df6f201dc06f8def14e013e4e,https://mufgub.wd3.myworkdayjobs.com/en-US/MUFG-Careers?locations=6b43f47df6f201dc06f8def14e013e4e,Search for Jobs,true,2026-10-01T10:38:42,200,
MUFG,"Assistant Vice President, Vulnerability Management",London,,Posted 8 Days Ago,https://mufgub.wd3.myworkdayjobs.com/en-US/MUFG-Careers/job/London/Assistant-Vice-President--Vulnerability-Management_10079416-WD-1?locations=6b43f47df6f201dc06f8def14e013e4e,https://mufgub.wd3.myworkdayjobs.com/en-US/MUFG-Careers?locations=6b43f47df6f201dc06f8def14e013e4e,Search for Jobs,true,2026-10-01T10:38:42,200,
MUFG,"Vice President, Power Platform Solution Architect",London,,Posted 9 Days Ago,https://mufgub.wd3.myworkdayjobs.com/en-US/MUFG-Careers/job/London/Vice-President--Power-Platform-Solution-Architect_10079368-WD?locations=6b43f47df6f201dc06f8def14e013e4e,https://mufgub.wd3.myworkdayjobs.com/en-US/MUFG-Careers?locations=6b43f47df6f201dc06f8def14e013e4e,Search for Jobs,true,2026-10-01T10:38:42,200,
MUFG,"Associate, Client Data Quality - Client Lifecycle Management 12 month FTC",London,,Posted 9 Days Ago,https://mufgub.wd3.myworkdayjobs.com/en-US/MUFG-Careers/job/London/Associate--Client-Data-Quality---Client-Lifecycle-Management-12-month-FTC_10079645-WD-1?locations=6b43f47df6f201dc06f8def14e013e4e,https://mufgub.wd3.myworkdayjobs.com/en-US/MUFG-Careers?locations=6b43f47df6f201dc06f8def14e013e4e,Search for Jobs,true,2026-10-01T10:38:42,200,
MUFG,HR Central Services Administrator,London,,Posted 10 Days Ago,https://mufgub.wd3.myworkdayjobs.com/en-US/MUFG-Careers/job/London/HR-Central-Services-Administrator_10079231-WD?locations=6b43f47df6f201dc06f8def14e013e4e,https://mufgub.wd3.myworkdayjobs.com/en-US/MUFG-Careers?locations=6b43f47df6f201dc06f8def14e013e4e,Search for Jobs,true,2026-10-01T10:38:42,200,
Nomura,"Trader, Structured Rates, Insurance Hybrids Trading - Associate/VP","London, London, GB, EC4R 3AB",Global Markets,,https://careers.nomura.com/Nomura/job/London-Trader%2C-Structured-Rates%2C-Insurance-Hybrids-Trading-AssociateVP-Lond-EC4R-3AB/1435210900/,https://careers.nomura.com/Nomura/go/Career-Opportunities-Europe/9051100/?q=&q2=&alertId=&title=&facility=Global+Markets&location=London#searchresults,"",false,2026-10-01T10:38:42,200,
Nomura,Equity Solutions - Associate,"London, London, GB, EC4R 3AB",Global Markets,,https://careers.nomura.com/Nomura/job/London-Equity-Solutions-Associate-Lond-EC4R-3AB/1362621800/,https://careers.nomura.com/Nomura/go/Career-Opportunities-Europe/9051100/?q=&q2=&alertId=&title=&facility=Global+Markets&location=London#searchresults,"",false,2026-10-01T10:38:42,200,
Nomura,Portfolio/Specialty Financing ASC - Associate,"London, London, GB, EC4R 3AB",Global Markets,,https://careers.nomura.com/Nomura/job/London-PortfolioSpecialty-Financing-ASC-Associate-Lond-EC4R-3AB/1401886400/,https://careers.nomura.com/Nomura/go/Career-Opportunities-Europe/9051100/?q=&q2=&alertId=&title=&facility=Global+Markets&location=London#searchresults,"",false,2026-10-01T10:38:42,200,
Nomura,eTrading Developer (Fixed Income),"London, London, GB, EC4R 3AB",Global Markets,,https://careers.nomura.com/Nomura/job/London-eTrading-Developer-%28Fixed-Income%29-Lond-EC4R-3AB/1395017700/,https://careers.nomura.com/Nomura/go/Career-Opportunities-Europe/9051100/?q=&q2=&alertId=&title=&facility=Global+Markets&location=London#searchresults,"",false,2026-10-01T10:38:42,200,
Nomura,"Senior Associate or Vice President, Real Estate and ABS Solutions","London, London, GB, EC4R 3AB",Global Markets,,https://careers.nomura.com/Nomura/job/London-Senior-Associate-or-Vice-President%2C-Real-Estate-and-ABS-Solutions-Lond-EC4R-3AB/1299216300/,https://careers.nomura.com/Nomura/go/Career-Opportunities-Europe/9051100/?q=&q2=&alertId=&title=&facility=Global+Markets&location=London#searchresults,"",false,2026-10-01T10:38:42,200,
Nomura,Quantitative Structurer - Platform & AI,"London, London, GB, EC4R 3AB",Global Markets,,https://careers.nomura.com/Nomura/job/London-Quantitative-Structurer-Platform-&-AI-Lond-EC4R-3AB/1375202900/,https://careers.nomura.com/Nomura/go/Career-Opportunities-Europe/9051100/?q=&q2=&alertId=&title=&facility=Global+Markets&location=London#searchresults,"",false,2026-10-01T10:38:42,200,
Nomura,BRM XVA Trader - Associate/VP,"London, London, GB, EC4R 3AB",Global Markets,,https://careers.nomura.com/Nomura/job/London-BRM-XVA-Trader-AssociateVP-Lond-EC4R-3AB/1430006700/,https://careers.nomura.com/Nomura/go/Career-Opportunities-Europe/9051100/?q=&q2=&alertId=&title=&facility=Global+Markets&location=London#searchresults,"",false,2026-10-01T10:38:42,200,
Nomura,"Desk Aligned Strats, Structured Products - Associate","London, London, GB, EC4R 3AB",Global Markets,,https://careers.nomura.com/Nomura/job/London-Desk-Aligned-Strats%2C-Structured-Products-Associate-Lond-EC4R-3AB/1429033800/,https://careers.nomura.com/Nomura/go/Career-Opportunities-Europe/9051100/?q=&q2=&alertId=&title=&facility=Global+Markets&location=London#searchresults,"",false,2026-10-01T10:38:42,200,
Nomura,Technical Account Manager - Vice President,"London, GB, EC4R 3AB",Instinet,,https://careers.nomura.com/Instinet/job/London-Technical-Account-Manager-Vice-President-EC4R-3AB/1428897200/,https://careers.nomura.com/Nomura/go/Career-Opportunities-Europe/9051100/?q=&q2=&alertId=&title=&facility=Global+Markets&location=London#searchresults,"",false,2026-10-01T10:38:42,200,
Optiver,AI Lab - Research,New York,Experienced Trading,,https://www.optiver.com/join-us/jobs/trading/new-york/ai-lab-research/,https://optiver.com/working-at-optiver/career-opportunities/?numberposts=10,"Jobs in Trading, Quant & Tech | Optiver",true,2026-10-01T10:38:42,200,
Optiver,Senior Performance Researcher,Shanghai,Experienced Quantitative Research & Machine Learning,,https://www.optiver.com/join-us/jobs/quantitative-research-and-machine-learning/shanghai/senior-performance-researcher/,https://optiver.com/working-at-optiver/career-opportunities/?numberposts=10,"Jobs in Trading, Quant & Tech | Optiver",true,2026-10-01T10:38:42,200,
Optiver,Career Kickstarter: Women in Tech 2027,Amsterdam,Early Careers Technology,,https://www.optiver.com/join-us/jobs/technology/amsterdam/career-kickstarter-women-in-tech-2027/,https://optiver.com/working-at-optiver/career-opportunities/?numberposts=10,"Jobs in Trading, Quant & Tech | Optiver",true,2026-10-01T10:38:42,200,
Optiver,Career Kickstarter - Tech,Amsterdam,Early Careers Technology,,https://www.optiver.com/join-us/jobs/technology/amsterdam/career-kickstarter-tech-2/,https://optiver.com/working-at-optiver/career-opportunities/?numberposts=10,"Jobs in Trading, Quant & Tech | Optiver",true,2026-10-01T10:38:42,200,
Optiver,Enterprise Corporate Engineering Lead,Amsterdam,Experienced Technology,,https://www.optiver.com/join-us/jobs/technology/amsterdam/enterprise-corporate-engineering-lead/,https://optiver.com/working-at-optiver/career-opportunities/?numberposts=10,"Jobs in Trading, Quant & Tech | Optiver",true,2026-10-01T10:38:42,200,
Optiver,Market Risk Internship 2027 - Singapore,Singapore,"Internship Risk, Finance & Legal",,https://www.optiver.com/join-us/jobs/risk-finance-and-legal/singapore/market-risk-internship-2027-singapore/,https://optiver.com/working-at-optiver/career-opportunities/?numberposts=10,"Jobs in Trading, Quant & Tech | Optiver",true,2026-10-01T10:38:42,200,
Optiver,FutureFocus: Quants 2027,Amsterdam,Early Careers Trading,,https://www.optiver.com/join-us/jobs/trading/amsterdam/futurefocus-quants-2027/,https://optiver.com/working-at-optiver/career-opportunities/?numberposts=10,"Jobs in Trading, Quant & Tech | Optiver",true,2026-10-01T10:38:42,200,
Optiver,Data Engineer - Trading,Amsterdam,Experienced Technology,,https://www.optiver.com/join-us/jobs/technology/amsterdam/data-engineer-trading/,https://optiver.com/working-at-optiver/career-opportunities/?numberposts=10,"Jobs in Trading, Quant & Tech | Optiver",true,2026-10-01T10:38:42,200,
Optiver,Executive Assistant,Amsterdam,Experienced Business Operations,,https://www.optiver.com/join-us/jobs/business-operations/amsterdam/executive-assistant/,https://optiver.com/working-at-optiver/career-opportunities/?numberposts=10,"Jobs in Trading, Quant & Tech | Optiver",true,2026-10-01T10:38:42,200,
Optiver,Risk Analyst,Chicago,"Experienced Risk, Finance & Legal",,https://www.optiver.com/join-us/jobs/risk-finance-and-legal/chicago/risk-analyst/,https://optiver.com/working-at-optiver/career-opportunities/?numberposts=10,"Jobs in Trading, Quant & Tech | Optiver",true,2026-10-01T10:38:42,200,
Optiver,"Graduate Quantitative Researcher, PhD (2027 Start)",New York,Graduate Quantitative Research & Machine Learning,,https://www.optiver.com/join-us/jobs/quantitative-research-and-machine-learning/new-york/graduate-quantitative-researcher-phd-2027-start/,https://optiver.com/working-at-optiver/career-opportunities/?numberposts=10,"Jobs in Trading, Quant & Tech | Optiver",true,2026-10-01T10:38:42,200,
Optiver,Internal IT Audit Manager,Chicago,"Experienced Risk, Finance & Legal",,https://www.optiver.com/join-us/jobs/risk-finance-and-legal/chicago/internal-audit-manager/,https://optiver.com/working-at-optiver/career-opportunities/?numberposts=10,"Jobs in Trading, Quant & Tech | Optiver",true,2026-10-01T10:38:42,200,
Optiver,HPC Engineer,Chicago,Experienced Technology,,https://www.optiver.com/join-us/jobs/technology/chicago/hpc-engineer/,https://optiver.com/working-at-optiver/career-opportunities/?numberposts=10,"Jobs in Trading, Quant & Tech | Optiver",true,2026-10-01T10:38:42,200,
Optiver,Options Trade Supervisor - Night Session,Taipei,Experienced Trading,,https://www.optiver.com/join-us/jobs/trading/taipei/options-trade-supervisor-night-session/,https://optiver.com/working-at-optiver/career-opportunities/?numberposts=10,"Jobs in Trading, Quant & Tech | Optiver",true,2026-10-01T10:38:42,200,
Optiver,Senior Legal Counsel,London,"Experienced Risk, Finance & Legal",,https://www.optiver.com/join-us/jobs/risk-finance-and-legal/london/senior-legal-counsel/,https://optiver.com/working-at-optiver/career-opportunities/?numberposts=10,"Jobs in Trading, Quant & Tech | Optiver",true,2026-10-01T10:38:42,200,
Optiver,Tax Analyst,Mumbai,"Experienced Risk, Finance & Legal",,https://www.optiver.com/join-us/jobs/risk-finance-and-legal/mumbai/tax-analyst/,https://optiver.com/working-at-optiver/career-opportunities/?numberposts=10,"Jobs in Trading, Quant & Tech | Optiver",true,2026-10-01T10:38:42,200,
Partner Group,Senior Compliance Officer,"London, GB",,23 Sept 2026,https://jobs.partnersgroup.com/job/London-Senior-Compliance-Officer/1419335233/,https://jobs.partnersgroup.com/search/?createNewAlert=false&q=&locationsearch=london&optionsFacetsDD_dept=&optionsFacetsDD_country=&optionsFacetsDD_location=,London - Partners Group AG Jobs,false,2026-10-01T10:38:42,200,
Partner Group,Valuation Professional,"London, GB",,26 Sept 2026,https://jobs.partnersgroup.com/job/London-Valuation-Professional/1420904133/,https://jobs.partnersgroup.com/search/?createNewAlert=false&q=&locationsearch=london&optionsFacetsDD_dept=&optionsFacetsDD_country=&optionsFacetsDD_location=,London - Partners Group AG Jobs,false,2026-10-01T10:38:42,200,
Partner Group,Infrastructure Asset Management Associate,"London, GB",,19 Sept 2026,https://jobs.partnersgroup.com/job/London-Infrastructure-Asset-Management-Associate/1397243533/,https://jobs.partnersgroup.com/search/?createNewAlert=false&q=&locationsearch=london&optionsFacetsDD_dept=&optionsFacetsDD_country=&optionsFacetsDD_location=,London - Partners Group AG Jobs,false,2026-10-01T10:38:42,200,
Partner Group,"(Senior) Legal Counsel, Data Privacy & Technology / London","London, GB",,30 Sept 2026,https://jobs.partnersgroup.com/job/London-%28Senior%29-Legal-Counsel%2C-Data-Privacy-&-Technology-London/1442923033/,https://jobs.partnersgroup.com/search/?createNewAlert=false&q=&locationsearch=london&optionsFacetsDD_dept=&optionsFacetsDD_country=&optionsFacetsDD_location=,London - Partners Group AG Jobs,false,2026-10-01T10:38:42,200,
Partner Group,Investment Tax Counsel - London or Zug,"London, GB +1 more…",,4 Sept 2026,https://jobs.partnersgroup.com/job/London-Investment-Tax-Counsel-London-or-Zug/1423786433/,https://jobs.partnersgroup.com/search/?createNewAlert=false&q=&locationsearch=london&optionsFacetsDD_dept=&optionsFacetsDD_country=&optionsFacetsDD_location=,London - Partners Group AG Jobs,false,2026-10-01T10:38:42,200,
Pimco,"Senior Business Analyst, Regulatory Technology","London, GBR",,Posted 15 Days Ago,https://pimco.wd1.myworkdayjobs.com/en-US/pimco-careers/job/London-GBR/Senior-Business-Analyst--Regulatory-Technology_R106838?locations=c3a960b7b21f10016312adea6fcd0000&jobFamilyGroup=6e192a3f175201508467c7b1f9096c28&jobFamilyGroup=6e192a3f175201dedd3984baf9097228&jobFamilyGroup=6e192a3f17520133ac3abfc2f9097628,https://pimco.wd1.myworkdayjobs.com/pimco-careers?locations=c3a960b7b21f10016312adea6fcd0000&jobFamilyGroup=6e192a3f175201508467c7b1f9096c28&jobFamilyGroup=6e192a3f175201dedd3984baf9097228&jobFamilyGroup=6e192a3f17520133ac3abfc2f9097628,Search for Jobs,false,2026-10-01T10:38:42,200,
Pimco,"VP, Credit Research (EMEA)","London, GBR",,Posted 17 Days Ago,https://pimco.wd1.myworkdayjobs.com/en-US/pimco-careers/job/London-GBR/VP--Credit-Research--EMEA-_R106824?locations=c3a960b7b21f10016312adea6fcd0000&jobFamilyGroup=6e192a3f175201508467c7b1f9096c28&jobFamilyGroup=6e192a3f175201dedd3984baf9097228&jobFamilyGroup=6e192a3f17520133ac3abfc2f9097628,https://pimco.wd1.myworkdayjobs.com/pimco-careers?locations=c3a960b7b21f10016312adea6fcd0000&jobFamilyGroup=6e192a3f175201508467c7b1f9096c28&jobFamilyGroup=6e192a3f175201dedd3984baf9097228&jobFamilyGroup=6e192a3f17520133ac3abfc2f9097628,Search for Jobs,false,2026-10-01T10:38:42,200,
Pimco,European Rates Trader,"London, GBR",,Posted 30+ Days Ago,https://pimco.wd1.myworkdayjobs.com/en-US/pimco-careers/job/London-GBR/European-Rates-Trader_R106751?locations=c3a960b7b21f10016312adea6fcd0000&jobFamilyGroup=6e192a3f175201508467c7b1f9096c28&jobFamilyGroup=6e192a3f175201dedd3984baf9097228&jobFamilyGroup=6e192a3f17520133ac3abfc2f9097628,https://pimco.wd1.myworkdayjobs.com/pimco-careers?locations=c3a960b7b21f10016312adea6fcd0000&jobFamilyGroup=6e192a3f175201508467c7b1f9096c28&jobFamilyGroup=6e192a3f175201dedd3984baf9097228&jobFamilyGroup=6e192a3f17520133ac3abfc2f9097628,Search for Jobs,false,2026-10-01T10:38:42,200,
Pimco,"Quantitative Research Analyst, Mortgages","London, GBR",,Posted 30+ Days Ago,https://pimco.wd1.myworkdayjobs.com/en-US/pimco-careers/job/London-GBR/Quantitative-Research-Analyst_R106492?locations=c3a960b7b21f10016312adea6fcd0000&jobFamilyGroup=6e192a3f175201508467c7b1f9096c28&jobFamilyGroup=6e192a3f175201dedd3984baf9097228&jobFamilyGroup=6e192a3f17520133ac3abfc2f9097628,https://pimco.wd1.myworkdayjobs.com/pimco-careers?locations=c3a960b7b21f10016312adea6fcd0000&jobFamilyGroup=6e192a3f175201508467c7b1f9096c28&jobFamilyGroup=6e192a3f175201dedd3984baf9097228&jobFamilyGroup=6e192a3f17520133ac3abfc2f9097628,Search for Jobs,false,2026-10-01T10:38:42,200,
Pimco,Client Solutions & Analytics: Quantitative Research Analyst – London,"London, GBR",,Posted 30+ Days Ago,https://pimco.wd1.myworkdayjobs.com/en-US/pimco-careers/job/London-GBR/Quantitative-Research-Analyst_R106487?locations=c3a960b7b21f10016312adea6fcd0000&jobFamilyGroup=6e192a3f175201508467c7b1f9096c28&jobFamilyGroup=6e192a3f175201dedd3984baf9097228&jobFamilyGroup=6e192a3f17520133ac3abfc2f9097628,https://pimco.wd1.myworkdayjobs.com/pimco-careers?locations=c3a960b7b21f10016312adea6fcd0000&jobFamilyGroup=6e192a3f175201508467c7b1f9096c28&jobFamilyGroup=6e192a3f175201dedd3984baf9097228&jobFamilyGroup=6e192a3f17520133ac3abfc2f9097628,Search for Jobs,false,2026-10-01T10:38:42,200,
Pimco,EMEA Client Facing Technology Enablement Lead,"London, GBR",,Posted 30+ Days Ago,https://pimco.wd1.myworkdayjobs.com/en-US/pimco-careers/job/London-GBR/EMEA-Client-Facing-Technology-Enablement-Lead_R106395?locations=c3a960b7b21f10016312adea6fcd0000&jobFamilyGroup=6e192a3f175201508467c7b1f9096c28&jobFamilyGroup=6e192a3f175201dedd3984baf9097228&jobFamilyGroup=6e192a3f17520133ac3abfc2f9097628,https://pimco.wd1.myworkdayjobs.com/pimco-careers?locations=c3a960b7b21f10016312adea6fcd0000&jobFamilyGroup=6e192a3f175201508467c7b1f9096c28&jobFamilyGroup=6e192a3f175201dedd3984baf9097228&jobFamilyGroup=6e192a3f17520133ac3abfc2f9097628,Search for Jobs,false,2026-10-01T10:38:42,200,
Pimco,"Java Developer, Short Term Trading Technology","London, GBR",,Posted 30+ Days Ago,https://pimco.wd1.myworkdayjobs.com/en-US/pimco-careers/job/London-GBR/Developer--Short-Terrm-Trading-Technology_R106360?locations=c3a960b7b21f10016312adea6fcd0000&jobFamilyGroup=6e192a3f175201508467c7b1f9096c28&jobFamilyGroup=6e192a3f175201dedd3984baf9097228&jobFamilyGroup=6e192a3f17520133ac3abfc2f9097628,https://pimco.wd1.myworkdayjobs.com/pimco-careers?locations=c3a960b7b21f10016312adea6fcd0000&jobFamilyGroup=6e192a3f175201508467c7b1f9096c28&jobFamilyGroup=6e192a3f175201dedd3984baf9097228&jobFamilyGroup=6e192a3f17520133ac3abfc2f9097628,Search for Jobs,false,2026-10-01T10:38:42,200,
Pimco,Portfolio Manager,"London, GBR",,Posted 30+ Days Ago,https://pimco.wd1.myworkdayjobs.com/en-US/pimco-careers/job/London-GBR/Portfolio-Manager_R105819?locations=c3a960b7b21f10016312adea6fcd0000&jobFamilyGroup=6e192a3f175201508467c7b1f9096c28&jobFamilyGroup=6e192a3f175201dedd3984baf9097228&jobFamilyGroup=6e192a3f17520133ac3abfc2f9097628,https://pimco.wd1.myworkdayjobs.com/pimco-careers?locations=c3a960b7b21f10016312adea6fcd0000&jobFamilyGroup=6e192a3f175201508467c7b1f9096c28&jobFamilyGroup=6e192a3f175201dedd3984baf9097228&jobFamilyGroup=6e192a3f17520133ac3abfc2f9097628,Search for Jobs,false,2026-10-01T10:38:42,200,
QRT,"2027 – Graduate or Internship, Infrastructure Engineer","London, Paris",,,https://www.qube-rt.com/careers/job?gh_jid=8773447002,https://www.qube-rt.com/careers/,Careers | QRT,true,2026-10-01T10:38:42,200,
QRT,"2027 - Internship, Data Engineering","London, Paris",,,https://www.qube-rt.com/careers/job?gh_jid=8623972002,https://www.qube-rt.com/careers/,Careers | QRT,true,2026-10-01T10:38:42,200,
QRT,"2027 – Internship, Data Engineering",Hong Kong,,,https://www.qube-rt.com/careers/job?gh_jid=8749947002,https://www.qube-rt.com/careers/,Careers | QRT,true,2026-10-01T10:38:42,200,
QRT,"2027 – Internship, Infrastructure Engineering","Hong Kong, Shanghai, Singapore",,,https://www.qube-rt.com/careers/job?gh_jid=8749918002,https://www.qube-rt.com/careers/,Careers | QRT,true,2026-10-01T10:38:42,200,
QRT,"2027 – Internship or Graduate, FPGA Engineering",Hong Kong,,,https://www.qube-rt.com/careers/job?gh_jid=8742098002,https://www.qube-rt.com/careers/,Careers | QRT,true,2026-10-01T10:38:42,200,
QRT,"2027 – Internship or Graduate, FPGA Engineering","London, Paris",,,https://www.qube-rt.com/careers/job?gh_jid=8777855002,https://www.qube-rt.com/careers/,Careers | QRT,true,2026-10-01T10:38:42,200,
QRT,"2027 – Internship or Graduate, Quantitative Research and Trading","Beijing, Hong Kong, Shanghai, Singapore",,,https://www.qube-rt.com/careers/job?gh_jid=8581570002,https://www.qube-rt.com/careers/,Careers | QRT,true,2026-10-01T10:38:42,200,
QRT,"2027 – Internship or Graduate, Software Engineer and Quantitative Developer","Hong Kong, Singapore",,,https://www.qube-rt.com/careers/job?gh_jid=8617401002,https://www.qube-rt.com/careers/,Careers | QRT,true,2026-10-01T10:38:42,200,
QRT,"2027 - Internship, Quantitative Research and Trading","Aarhus, Budapest, Dubai, Geneva, London, Paris, Zurich",,,https://www.qube-rt.com/careers/job?gh_jid=8785833002,https://www.qube-rt.com/careers/,Careers | QRT,true,2026-10-01T10:38:42,200,
QRT,"2027 - Internship, Security Engineer","Hong Kong, Singapore",,,https://www.qube-rt.com/careers/job?gh_jid=8749942002,https://www.qube-rt.com/careers/,Careers | QRT,true,2026-10-01T10:38:42,200,
QRT,2027 Internship – Security Engineer,"London, Paris",,,https://www.qube-rt.com/careers/job?gh_jid=8777760002,https://www.qube-rt.com/careers/,Careers | QRT,true,2026-10-01T10:38:42,200,
QRT,"2027 - Internship, Software Engineering and Quantitative Development","London, Paris, Wrocław, Zurich",,,https://www.qube-rt.com/careers/job?gh_jid=8773084002,https://www.qube-rt.com/careers/,Careers | QRT,true,2026-10-01T10:38:42,200,
QRT,Academic Partnerships & Research Lead,Hong Kong,,,https://www.qube-rt.com/careers/job?gh_jid=8793873002,https://www.qube-rt.com/careers/,Careers | QRT,true,2026-10-01T10:38:42,200,
QRT,AI Platform Engineer,Mumbai,,,https://www.qube-rt.com/careers/job?gh_jid=8682230002,https://www.qube-rt.com/careers/,Careers | QRT,true,2026-10-01T10:38:42,200,
QRT,AI Platform Engineer,Wrocław,,,https://www.qube-rt.com/careers/job?gh_jid=8568734002,https://www.qube-rt.com/careers/,Careers | QRT,true,2026-10-01T10:38:42,200,
QRT,AWS Cloud Infrastructure and Compute Architect,Hong Kong,,,https://www.qube-rt.com/careers/job?gh_jid=8476605002,https://www.qube-rt.com/careers/,Careers | QRT,true,2026-10-01T10:38:42,200,
QRT,Benefits Specialist (APAC),Hong Kong,,,https://www.qube-rt.com/careers/job?gh_jid=8465396002,https://www.qube-rt.com/careers/,Careers | QRT,true,2026-10-01T10:38:42,200,
QRT,Business Analyst – Trading System,Mumbai,,,https://www.qube-rt.com/careers/job?gh_jid=8623692002,https://www.qube-rt.com/careers/,Careers | QRT,true,2026-10-01T10:38:42,200,
QRT,C++ Developer (Market Execution),Hong Kong,,,https://www.qube-rt.com/careers/job?gh_jid=8039490002,https://www.qube-rt.com/careers/,Careers | QRT,true,2026-10-01T10:38:42,200,
QRT,Cloud Engineer,Hong Kong,,,https://www.qube-rt.com/careers/job?gh_jid=8785132002,https://www.qube-rt.com/careers/,Careers | QRT,true,2026-10-01T10:38:42,200,
QRT,Cloud Engineer – AWS Specialist,Paris,,,https://www.qube-rt.com/careers/job?gh_jid=8570681002,https://www.qube-rt.com/careers/,Careers | QRT,true,2026-10-01T10:38:42,200,
QRT,Cloud Engineer - Digital Assets,London,,,https://www.qube-rt.com/careers/job?gh_jid=8314328002,https://www.qube-rt.com/careers/,Careers | QRT,true,2026-10-01T10:38:42,200,
QRT,Compute Operations Engineer,London,,,https://www.qube-rt.com/careers/job?gh_jid=8517443002,https://www.qube-rt.com/careers/,Careers | QRT,true,2026-10-01T10:38:42,200,
QRT,Core Pricing and Risk Platform - Senior C++ Developer,Hong Kong,,,https://www.qube-rt.com/careers/job?gh_jid=7926920002,https://www.qube-rt.com/careers/,Careers | QRT,true,2026-10-01T10:38:42,200,
QRT,Corvil Engineer,New York,,,https://www.qube-rt.com/careers/job?gh_jid=8363097002,https://www.qube-rt.com/careers/,Careers | QRT,true,2026-10-01T10:38:42,200,
QRT,C++ Software Engineer - Core Trading Technology,Chicago,,,https://www.qube-rt.com/careers/job?gh_jid=8785351002,https://www.qube-rt.com/careers/,Careers | QRT,true,2026-10-01T10:38:42,200,
QRT,Data Analyst - Procurement,London,,,https://www.qube-rt.com/careers/job?gh_jid=8595275002,https://www.qube-rt.com/careers/,Careers | QRT,true,2026-10-01T10:38:42,200,
QRT,Database Engineer,Sydney,,,https://www.qube-rt.com/careers/job?gh_jid=8296287002,https://www.qube-rt.com/careers/,Careers | QRT,true,2026-10-01T10:38:42,200,
QRT,Data Center Operations Engineer,New York,,,https://www.qube-rt.com/careers/job?gh_jid=8363101002,https://www.qube-rt.com/careers/,Careers | QRT,true,2026-10-01T10:38:42,200,
QRT,Data Operations Engineer - Python,Mumbai,,,https://www.qube-rt.com/careers/job?gh_jid=8555959002,https://www.qube-rt.com/careers/,Careers | QRT,true,2026-10-01T10:38:42,200,
QRT,Data Platform Engineer – Inventory & Observability,London,,,https://www.qube-rt.com/careers/job?gh_jid=8815874002,https://www.qube-rt.com/careers/,Careers | QRT,true,2026-10-01T10:38:42,200,
QRT,Data Scientist,Hong Kong,,,https://www.qube-rt.com/careers/job?gh_jid=8339642002,https://www.qube-rt.com/careers/,Careers | QRT,true,2026-10-01T10:38:42,200,
QRT,Data Scientist,London,,,https://www.qube-rt.com/careers/job?gh_jid=6962479002,https://www.qube-rt.com/careers/,Careers | QRT,true,2026-10-01T10:38:42,200,
QRT,Data Scientist,Paris,,,https://www.qube-rt.com/careers/job?gh_jid=6557776002,https://www.qube-rt.com/careers/,Careers | QRT,true,2026-10-01T10:38:42,200,
QRT,Data Scientist - Fixed Income,London,,,https://www.qube-rt.com/careers/job?gh_jid=8510366002,https://www.qube-rt.com/careers/,Careers | QRT,true,2026-10-01T10:38:42,200,
QRT,Data Scientist - Market Data,London,,,https://www.qube-rt.com/careers/job?gh_jid=8551885002,https://www.qube-rt.com/careers/,Careers | QRT,true,2026-10-01T10:38:42,200,
QRT,Data Scientist - Market Data,Paris,,,https://www.qube-rt.com/careers/job?gh_jid=8827514002,https://www.qube-rt.com/careers/,Careers | QRT,true,2026-10-01T10:38:42,200,
QRT,Data Scientist - Market Data,Hong Kong,,,https://www.qube-rt.com/careers/job?gh_jid=8857526002,https://www.qube-rt.com/careers/,Careers | QRT,true,2026-10-01T10:38:42,200,
QRT,Data Scientist - Options,Paris,,,https://www.qube-rt.com/careers/job?gh_jid=8611970002,https://www.qube-rt.com/careers/,Careers | QRT,true,2026-10-01T10:38:42,200,
QRT,Data Support Engineer,Sydney,,,https://www.qube-rt.com/careers/job?gh_jid=8819502002,https://www.qube-rt.com/careers/,Careers | QRT,true,2026-10-01T10:38:42,200,
QRT,Data Support Engineer,London,,,https://www.qube-rt.com/careers/job?gh_jid=8785678002,https://www.qube-rt.com/careers/,Careers | QRT,true,2026-10-01T10:38:42,200,
QRT,Data Support Specialist,Paris,,,https://www.qube-rt.com/careers/job?gh_jid=7692655002,https://www.qube-rt.com/careers/,Careers | QRT,true,2026-10-01T10:38:42,200,
QRT,Data Support Specialist,New York,,,https://www.qube-rt.com/careers/job?gh_jid=8474434002,https://www.qube-rt.com/careers/,Careers | QRT,true,2026-10-01T10:38:42,200,
QRT,DevOps Engineer,Hong Kong,,,https://www.qube-rt.com/careers/job?gh_jid=8363063002,https://www.qube-rt.com/careers/,Careers | QRT,true,2026-10-01T10:38:42,200,
QRT,Digital Assets - Quantitative Researcher,London,,,https://www.qube-rt.com/careers/job?gh_jid=7746883002,https://www.qube-rt.com/careers/,Careers | QRT,true,2026-10-01T10:38:42,200,
QRT,Digital Assets - Quantitative Trader,London,,,https://www.qube-rt.com/careers/job?gh_jid=8175611002,https://www.qube-rt.com/careers/,Careers | QRT,true,2026-10-01T10:38:42,200,
QRT,Digital Assets - Quantitative Trader,Singapore,,,https://www.qube-rt.com/careers/job?gh_jid=7604719002,https://www.qube-rt.com/careers/,Careers | QRT,true,2026-10-01T10:38:42,200,
QRT,Downstream Demand Analyst (Metals),Shanghai,,,https://www.qube-rt.com/careers/job?gh_jid=8568206002,https://www.qube-rt.com/careers/,Careers | QRT,true,2026-10-01T10:38:42,200,
QRT,End User Computing Engineer,Hong Kong,,,https://www.qube-rt.com/careers/job?gh_jid=8467263002,https://www.qube-rt.com/careers/,Careers | QRT,true,2026-10-01T10:38:42,200,
QRT,Energy Trading Full Stack Engineer – Spark,London,,,https://www.qube-rt.com/careers/job?gh_jid=8826941002,https://www.qube-rt.com/careers/,Careers | QRT,true,2026-10-01T10:38:42,200,
QRT,Execution Trader,Hong Kong,,,https://www.qube-rt.com/careers/job?gh_jid=8724333002,https://www.qube-rt.com/careers/,Careers | QRT,true,2026-10-01T10:38:42,200,
QRT,Financial Data Analyst - Python,Mumbai,,,https://www.qube-rt.com/careers/job?gh_jid=8675448002,https://www.qube-rt.com/careers/,Careers | QRT,true,2026-10-01T10:38:42,200,
QRT,Fixed Income Risk Engineer (Python),London,,,https://www.qube-rt.com/careers/job?gh_jid=8515254002,https://www.qube-rt.com/careers/,Careers | QRT,true,2026-10-01T10:38:42,200,
QRT,FPGA Engineer,New York,,,https://www.qube-rt.com/careers/job?gh_jid=8368567002,https://www.qube-rt.com/careers/,Careers | QRT,true,2026-10-01T10:38:42,200,
QRT,FPGA Engineer,Sydney,,,https://www.qube-rt.com/careers/job?gh_jid=7688158002,https://www.qube-rt.com/careers/,Careers | QRT,true,2026-10-01T10:38:42,200,
QRT,Front Office Core Developer – Digital Assets,London,,,https://www.qube-rt.com/careers/job?gh_jid=8052117002,https://www.qube-rt.com/careers/,Careers | QRT,true,2026-10-01T10:38:42,200,
QRT,Front Office Pricing Modelling Quant - Rates Volatility,London,,,https://www.qube-rt.com/careers/job?gh_jid=8150185002,https://www.qube-rt.com/careers/,Careers | QRT,true,2026-10-01T10:38:42,200,
QRT,Front Office Quantitative Developer – Digital Assets,London,,,https://www.qube-rt.com/careers/job?gh_jid=8088244002,https://www.qube-rt.com/careers/,Careers | QRT,true,2026-10-01T10:38:42,200,
QRT,Full Stack Developer - Network Automation,London,,,https://www.qube-rt.com/careers/job?gh_jid=8720589002,https://www.qube-rt.com/careers/,Careers | QRT,true,2026-10-01T10:38:42,200,
QRT,Head of Networks,London,,,https://www.qube-rt.com/careers/job?gh_jid=8769724002,https://www.qube-rt.com/careers/,Careers | QRT,true,2026-10-01T10:38:42,200,
QRT,HR Operations Specialist,Sydney,,,https://www.qube-rt.com/careers/job?gh_jid=8695498002,https://www.qube-rt.com/careers/,Careers | QRT,true,2026-10-01T10:38:42,200,
QRT,Identity and Access Management Lead,London,,,https://www.qube-rt.com/careers/job?gh_jid=8785268002,https://www.qube-rt.com/careers/,Careers | QRT,true,2026-10-01T10:38:42,200,
QRT,Infrastructure Implementation Manager – Electronic Trading,Hong Kong,,,https://www.qube-rt.com/careers/job?gh_jid=8438722002,https://www.qube-rt.com/careers/,Careers | QRT,true,2026-10-01T10:38:42,200,
QRT,Infrastructure Project Manager,London,,,https://www.qube-rt.com/careers/job?gh_jid=8401960002,https://www.qube-rt.com/careers/,Careers | QRT,true,2026-10-01T10:38:42,200,
QRT,IT Risk - Vol,London,,,https://www.qube-rt.com/careers/job?gh_jid=8609091002,https://www.qube-rt.com/careers/,Careers | QRT,true,2026-10-01T10:38:42,200,
QRT,Junior Quantitative Trader - APAC Delta One,Sydney,,,https://www.qube-rt.com/careers/job?gh_jid=8546914002,https://www.qube-rt.com/careers/,Careers | QRT,true,2026-10-01T10:38:42,200,
QRT,Lead Database Engineer,Hong Kong,,,https://www.qube-rt.com/careers/job?gh_jid=8467368002,https://www.qube-rt.com/careers/,Careers | QRT,true,2026-10-01T10:38:42,200,
QRT,Linux Patching Programme Manager,London,,,https://www.qube-rt.com/careers/job?gh_jid=8584033002,https://www.qube-rt.com/careers/,Careers | QRT,true,2026-10-01T10:38:42,200,
QRT,Linux Production Engineer,Sydney,,,https://www.qube-rt.com/careers/job?gh_jid=8393716002,https://www.qube-rt.com/careers/,Careers | QRT,true,2026-10-01T10:38:42,200,
QRT,Low Latency C++ Developer - Sydney,Sydney,,,https://www.qube-rt.com/careers/job?gh_jid=8367504002,https://www.qube-rt.com/careers/,Careers | QRT,true,2026-10-01T10:38:42,200,
QRT,"Low Latency Developer, C++",Hong Kong,,,https://www.qube-rt.com/careers/job?gh_jid=8780898002,https://www.qube-rt.com/careers/,Careers | QRT,true,2026-10-01T10:38:42,200,
QRT,Low Latency Market Data Developer - C++,Hong Kong,,,https://www.qube-rt.com/careers/job?gh_jid=8544834002,https://www.qube-rt.com/careers/,Careers | QRT,true,2026-10-01T10:38:42,200,
QRT,Market Access Developer - C++,Paris,,,https://www.qube-rt.com/careers/job?gh_jid=8294446002,https://www.qube-rt.com/careers/,Careers | QRT,true,2026-10-01T10:38:42,200,
QRT,Market Access Developer - C++,London,,,https://www.qube-rt.com/careers/job?gh_jid=6557829002,https://www.qube-rt.com/careers/,Careers | QRT,true,2026-10-01T10:38:42,200,
QRT,Market Access Developer - C++,New York,,,https://www.qube-rt.com/careers/job?gh_jid=8365889002,https://www.qube-rt.com/careers/,Careers | QRT,true,2026-10-01T10:38:42,200,
QRT,Market Microstructure Researcher,New York,,,https://www.qube-rt.com/careers/job?gh_jid=8365898002,https://www.qube-rt.com/careers/,Careers | QRT,true,2026-10-01T10:38:42,200,
QRT,Market Microstructure Researcher,Amsterdam,,,https://www.qube-rt.com/careers/job?gh_jid=8374388002,https://www.qube-rt.com/careers/,Careers | QRT,true,2026-10-01T10:38:42,200,
QRT,Network Architecture Lead,London,,,https://www.qube-rt.com/careers/job?gh_jid=8772986002,https://www.qube-rt.com/careers/,Careers | QRT,true,2026-10-01T10:38:42,200,
QRT,Network Engineer,London,,,https://www.qube-rt.com/careers/job?gh_jid=8539005002,https://www.qube-rt.com/careers/,Careers | QRT,true,2026-10-01T10:38:42,200,
QRT,Network Engineer,New York,,,https://www.qube-rt.com/careers/job?gh_jid=8364706002,https://www.qube-rt.com/careers/,Careers | QRT,true,2026-10-01T10:38:42,200,
QRT,Network Engineer (Service Provider WAN),London,,,https://www.qube-rt.com/careers/job?gh_jid=8380970002,https://www.qube-rt.com/careers/,Careers | QRT,true,2026-10-01T10:38:42,200,
QRT,Network Operations Engineer,London,,,https://www.qube-rt.com/careers/job?gh_jid=8574808002,https://www.qube-rt.com/careers/,Careers | QRT,true,2026-10-01T10:38:42,200,
QRT,Network Operations Engineer,Hong Kong,,,https://www.qube-rt.com/careers/job?gh_jid=7990321002,https://www.qube-rt.com/careers/,Careers | QRT,true,2026-10-01T10:38:42,200,
QRT,Network Operations Engineer,New York,,,https://www.qube-rt.com/careers/job?gh_jid=8364463002,https://www.qube-rt.com/careers/,Careers | QRT,true,2026-10-01T10:38:42,200,
QRT,Network Operations Engineer (AWS),Hong Kong,,,https://www.qube-rt.com/careers/job?gh_jid=8445752002,https://www.qube-rt.com/careers/,Careers | QRT,true,2026-10-01T10:38:42,200,
QRT,Operations Analyst – Energy Trading,Sydney,,,https://www.qube-rt.com/careers/job?gh_jid=8732338002,https://www.qube-rt.com/careers/,Careers | QRT,true,2026-10-01T10:38:42,200,
QRT,Platform Security Engineer (DevSecOps),London,,,https://www.qube-rt.com/careers/job?gh_jid=8182022002,https://www.qube-rt.com/careers/,Careers | QRT,true,2026-10-01T10:38:42,200,
QRT,Principle Network Engineer,London,,,https://www.qube-rt.com/careers/job?gh_jid=8772998002,https://www.qube-rt.com/careers/,Careers | QRT,true,2026-10-01T10:38:42,200,
QRT,Production Engineer,Hong Kong,,,https://www.qube-rt.com/careers/job?gh_jid=8305140002,https://www.qube-rt.com/careers/,Careers | QRT,true,2026-10-01T10:38:42,200,
QRT,Production Engineer (MA) - Sydney,Sydney,,,https://www.qube-rt.com/careers/job?gh_jid=8473687002,https://www.qube-rt.com/careers/,Careers | QRT,true,2026-10-01T10:38:42,200,
QRT,Production Support Engineer (1-yr Contract),Hong Kong,,,https://www.qube-rt.com/careers/job?gh_jid=8223557002,https://www.qube-rt.com/careers/,Careers | QRT,true,2026-10-01T10:38:42,200,
QRT,Production Support Engineer — LLM Platform,Hong Kong,,,https://www.qube-rt.com/careers/job?gh_jid=8759003002,https://www.qube-rt.com/careers/,Careers | QRT,true,2026-10-01T10:38:42,200,
QRT,Production Support Engineer - Trading Systems,New York,,,https://www.qube-rt.com/careers/job?gh_jid=8370398002,https://www.qube-rt.com/careers/,Careers | QRT,true,2026-10-01T10:38:42,200,
QRT,Production Trading Services – Electronic Trading,Sydney,,,https://www.qube-rt.com/careers/job?gh_jid=8771206002,https://www.qube-rt.com/careers/,Careers | QRT,true,2026-10-01T10:38:42,200,
QRT,Product Security Engineer,London,,,https://www.qube-rt.com/careers/job?gh_jid=8381640002,https://www.qube-rt.com/careers/,Careers | QRT,true,2026-10-01T10:38:42,200,
QRT,Python Engineer – Market Microstructure Tooling,Wrocław,,,https://www.qube-rt.com/careers/job?gh_jid=8483172002,https://www.qube-rt.com/careers/,Careers | QRT,true,2026-10-01T10:38:42,200,
QRT,QRT Travel Grant to NeurIPS 2026 – Apply Here,London,,,https://www.qube-rt.com/careers/job?gh_jid=8605581002,https://www.qube-rt.com/careers/,Careers | QRT,true,2026-10-01T10:38:42,200,
QRT,Quantitative Analyst,Paris,,,https://www.qube-rt.com/careers/job?gh_jid=7725690002,https://www.qube-rt.com/careers/,Careers | QRT,true,2026-10-01T10:38:42,200,
QRT,Quantitative Data Engineer,London,,,https://www.qube-rt.com/careers/job?gh_jid=8742036002,https://www.qube-rt.com/careers/,Careers | QRT,true,2026-10-01T10:38:42,200,
QRT,Quantitative Data Engineer,Hong Kong,,,https://www.qube-rt.com/careers/job?gh_jid=8735897002,https://www.qube-rt.com/careers/,Careers | QRT,true,2026-10-01T10:38:42,200,
QRT,Quantitative Developer - C++,Shanghai,,,https://www.qube-rt.com/careers/job?gh_jid=8388215002,https://www.qube-rt.com/careers/,Careers | QRT,true,2026-10-01T10:38:42,200,
QRT,Quantitative Developer - C++,"Hong Kong, Singapore",,,https://www.qube-rt.com/careers/job?gh_jid=8358440002,https://www.qube-rt.com/careers/,Careers | QRT,true,2026-10-01T10:38:42,200,
QRT,Quantitative Developer - C++,Singapore,,,https://www.qube-rt.com/careers/job?gh_jid=8448222002,https://www.qube-rt.com/careers/,Careers | QRT,true,2026-10-01T10:38:42,200,
QRT,Quantitative Developer - C++,Paris,,,https://www.qube-rt.com/careers/job?gh_jid=7649237002,https://www.qube-rt.com/careers/,Careers | QRT,true,2026-10-01T10:38:42,200,
QRT,Quantitative Developer - Digital Assets (C++),London,,,https://www.qube-rt.com/careers/job?gh_jid=8225791002,https://www.qube-rt.com/careers/,Careers | QRT,true,2026-10-01T10:38:42,200,
QRT,Quantitative Developer - HFT (C++),London,,,https://www.qube-rt.com/careers/job?gh_jid=8203078002,https://www.qube-rt.com/careers/,Careers | QRT,true,2026-10-01T10:38:42,200,
QRT,Quantitative Developer - HFT (C++),Amsterdam,,,https://www.qube-rt.com/careers/job?gh_jid=8363135002,https://www.qube-rt.com/careers/,Careers | QRT,true,2026-10-01T10:38:42,200,
QRT,Quantitative Developer - Pre/Post-Trade Analytics,Hong Kong,,,https://www.qube-rt.com/careers/job?gh_jid=8826810002,https://www.qube-rt.com/careers/,Careers | QRT,true,2026-10-01T10:38:42,200,
QRT,Quantitative Developer - Python,Aarhus,,,https://www.qube-rt.com/careers/job?gh_jid=8636762002,https://www.qube-rt.com/careers/,Careers | QRT,true,2026-10-01T10:38:42,200,
QRT,Quantitative Developer - Python,Dubai,,,https://www.qube-rt.com/careers/job?gh_jid=8660588002,https://www.qube-rt.com/careers/,Careers | QRT,true,2026-10-01T10:38:42,200,
QRT,Quantitative Developer - Python,Hong Kong,,,https://www.qube-rt.com/careers/job?gh_jid=8809530002,https://www.qube-rt.com/careers/,Careers | QRT,true,2026-10-01T10:38:42,200,
QRT,Quantitative Developer - Python,London,,,https://www.qube-rt.com/careers/job?gh_jid=8581841002,https://www.qube-rt.com/careers/,Careers | QRT,true,2026-10-01T10:38:42,200,
QRT,"Quantitative Developer - Python, C++",London,,,https://www.qube-rt.com/careers/job?gh_jid=8857906002,https://www.qube-rt.com/careers/,Careers | QRT,true,2026-10-01T10:38:42,200,
QRT,"Quantitative Developer - Trading Systems, C#",London,,,https://www.qube-rt.com/careers/job?gh_jid=8705713002,https://www.qube-rt.com/careers/,Careers | QRT,true,2026-10-01T10:38:42,200,
QRT,Quantitative Developer - Ultra Low-Latency (C++),London,,,https://www.qube-rt.com/careers/job?gh_jid=8607638002,https://www.qube-rt.com/careers/,Careers | QRT,true,2026-10-01T10:38:42,200,
QRT,Quantitative Researcher,Paris,,,https://www.qube-rt.com/careers/job?gh_jid=4104490002,https://www.qube-rt.com/careers/,Careers | QRT,true,2026-10-01T10:38:42,200,
QRT,Quantitative Researcher,London,,,https://www.qube-rt.com/careers/job?gh_jid=4104778002,https://www.qube-rt.com/careers/,Careers | QRT,true,2026-10-01T10:38:42,200,
QRT,Quantitative Researcher,Mumbai,,,https://www.qube-rt.com/careers/job?gh_jid=5953097002,https://www.qube-rt.com/careers/,Careers | QRT,true,2026-10-01T10:38:42,200,
QRT,Quantitative Researcher,Dubai,,,https://www.qube-rt.com/careers/job?gh_jid=6845861002,https://www.qube-rt.com/careers/,Careers | QRT,true,2026-10-01T10:38:42,200,
QRT,Quantitative Researcher,Zurich,,,https://www.qube-rt.com/careers/job?gh_jid=6845873002,https://www.qube-rt.com/careers/,Careers | QRT,true,2026-10-01T10:38:42,200,
QRT,Quantitative Researcher (Japan Power),Sydney,,,https://www.qube-rt.com/careers/job?gh_jid=8640207002,https://www.qube-rt.com/careers/,Careers | QRT,true,2026-10-01T10:38:42,200,
QRT,Quantitative Researcher - Metals,Geneva,,,https://www.qube-rt.com/careers/job?gh_jid=8786194002,https://www.qube-rt.com/careers/,Careers | QRT,true,2026-10-01T10:38:42,200,
QRT,Quantitative Researcher – PhD & Postdoc Opportunities,"London, Paris, Zurich",,,https://www.qube-rt.com/careers/job?gh_jid=8154555002,https://www.qube-rt.com/careers/,Careers | QRT,true,2026-10-01T10:38:42,200,
QRT,Quantitative Researcher/Trader,"Hong Kong, Shanghai, Singapore, Sydney",,,https://www.qube-rt.com/careers/job?gh_jid=6486065002,https://www.qube-rt.com/careers/,Careers | QRT,true,2026-10-01T10:38:42,200,
QRT,Quantitative Strategist,Hong Kong,,,https://www.qube-rt.com/careers/job?gh_jid=7947279002,https://www.qube-rt.com/careers/,Careers | QRT,true,2026-10-01T10:38:42,200,
QRT,Quantitative Strategist,Paris,,,https://www.qube-rt.com/careers/job?gh_jid=6587663002,https://www.qube-rt.com/careers/,Careers | QRT,true,2026-10-01T10:38:42,200,
QRT,Quantitative Strategist,London,,,https://www.qube-rt.com/careers/job?gh_jid=6785866002,https://www.qube-rt.com/careers/,Careers | QRT,true,2026-10-01T10:38:42,200,
QRT,Quant Signals External Contributors,,,,https://www.qube-rt.com/careers/job?gh_jid=4727006002,https://www.qube-rt.com/careers/,Careers | QRT,true,2026-10-01T10:38:42,200,
QRT,Reference Data Business Analyst,London,,,https://www.qube-rt.com/careers/job?gh_jid=8789177002,https://www.qube-rt.com/careers/,Careers | QRT,true,2026-10-01T10:38:42,200,
QRT,Research Platform - Software Engineer,Hong Kong,,,https://www.qube-rt.com/careers/job?gh_jid=8380924002,https://www.qube-rt.com/careers/,Careers | QRT,true,2026-10-01T10:38:42,200,
QRT,Risk and Pnl Production Support Engineer,New York,,,https://www.qube-rt.com/careers/job?gh_jid=8478645002,https://www.qube-rt.com/careers/,Careers | QRT,true,2026-10-01T10:38:42,200,
QRT,Risk Reporting & Analytics Lead,London,,,https://www.qube-rt.com/careers/job?gh_jid=8416038002,https://www.qube-rt.com/careers/,Careers | QRT,true,2026-10-01T10:38:42,200,
QRT,Security Engineer - Platform Security,New York,,,https://www.qube-rt.com/careers/job?gh_jid=8705781002,https://www.qube-rt.com/careers/,Careers | QRT,true,2026-10-01T10:38:42,200,
QRT,Security Engineer - Sydney,Sydney,,,https://www.qube-rt.com/careers/job?gh_jid=8391954002,https://www.qube-rt.com/careers/,Careers | QRT,true,2026-10-01T10:38:42,200,
QRT,Security Project Manager,London,,,https://www.qube-rt.com/careers/job?gh_jid=8547571002,https://www.qube-rt.com/careers/,Careers | QRT,true,2026-10-01T10:38:42,200,
QRT,Senior AI Delivery Engineer,New York,,,https://www.qube-rt.com/careers/job?gh_jid=8625902002,https://www.qube-rt.com/careers/,Careers | QRT,true,2026-10-01T10:38:42,200,
QRT,Senior AI Engineer,Hong Kong,,,https://www.qube-rt.com/careers/job?gh_jid=8670909002,https://www.qube-rt.com/careers/,Careers | QRT,true,2026-10-01T10:38:42,200,
QRT,Senior AI Engineer,London,,,https://www.qube-rt.com/careers/job?gh_jid=8699443002,https://www.qube-rt.com/careers/,Careers | QRT,true,2026-10-01T10:38:42,200,
QRT,Senior C++ Developer – Core Pricing and Risk Platform,London,,,https://www.qube-rt.com/careers/job?gh_jid=7928146002,https://www.qube-rt.com/careers/,Careers | QRT,true,2026-10-01T10:38:42,200,
QRT,Senior Cloud Engineer - AWS Specialist,London,,,https://www.qube-rt.com/careers/job?gh_jid=8066915002,https://www.qube-rt.com/careers/,Careers | QRT,true,2026-10-01T10:38:42,200,
QRT,Senior Cloud Engineer – AWS Specialist,Paris,,,https://www.qube-rt.com/careers/job?gh_jid=8060267002,https://www.qube-rt.com/careers/,Careers | QRT,true,2026-10-01T10:38:42,200,
QRT,Senior Compliance Technology Developer,London,,,https://www.qube-rt.com/careers/job?gh_jid=8073871002,https://www.qube-rt.com/careers/,Careers | QRT,true,2026-10-01T10:38:42,200,
QRT,(Senior) Copper Analyst,Shanghai,,,https://www.qube-rt.com/careers/job?gh_jid=8105885002,https://www.qube-rt.com/careers/,Careers | QRT,true,2026-10-01T10:38:42,200,
QRT,Senior Data Engineer,Amsterdam,,,https://www.qube-rt.com/careers/job?gh_jid=8626234002,https://www.qube-rt.com/careers/,Careers | QRT,true,2026-10-01T10:38:42,200,
QRT,Senior Data Platform Engineer,"Paris, Zurich",,,https://www.qube-rt.com/careers/job?gh_jid=8381542002,https://www.qube-rt.com/careers/,Careers | QRT,true,2026-10-01T10:38:42,200,
QRT,Senior Detection and Response Engineer,New York,,,https://www.qube-rt.com/careers/job?gh_jid=8474419002,https://www.qube-rt.com/careers/,Careers | QRT,true,2026-10-01T10:38:42,200,
QRT,Senior Developer - Core Trading Technology,London,,,https://www.qube-rt.com/careers/job?gh_jid=8117154002,https://www.qube-rt.com/careers/,Careers | QRT,true,2026-10-01T10:38:42,200,
QRT,Senior DevOps Engineer,Hong Kong,,,https://www.qube-rt.com/careers/job?gh_jid=8826859002,https://www.qube-rt.com/careers/,Careers | QRT,true,2026-10-01T10:38:42,200,
RBC,"Director, Wealth Manager","London, United Kingdom",Customer Service | Client Advice | Sales,09/02/2026,https://jobs.rbc.com/ca/en/job/R-0000135500/Director-Wealth-Manager,https://jobs.rbc.com/ca/en/search-results?qcity=London&qcountry=United%20Kingdom,Search results | Jobs at RBC,true,2026-10-01T10:38:42,200,
RBC,"Associate, Solutions Enablement Team","London, United Kingdom",Operations,09/18/2026,https://jobs.rbc.com/ca/en/job/R-0000188026/Associate-Solutions-Enablement-Team,https://jobs.rbc.com/ca/en/search-results?qcity=London&qcountry=United%20Kingdom,Search results | Jobs at RBC,true,2026-10-01T10:38:42,200,
RBC,"Analyst, ICCM Fund","London, United Kingdom",Customer Service | Client Advice | Sales,09/18/2026,https://jobs.rbc.com/ca/en/job/R-0000188202/Analyst-ICCM-Fund,https://jobs.rbc.com/ca/en/search-results?qcity=London&qcountry=United%20Kingdom,Search results | Jobs at RBC,true,2026-10-01T10:38:42,200,
RBC,"Managing Director, Finance Modernisation Global Business & Solution Architect (London)","London, United Kingdom",Customer Service | Client Advice | Sales,09/22/2026,https://jobs.rbc.com/ca/en/job/R-0000187173/Managing-Director-Finance-Modernisation-Global-Business-Solution-Architect-London,https://jobs.rbc.com/ca/en/search-results?qcity=London&qcountry=United%20Kingdom,Search results | Jobs at RBC,true,2026-10-01T10:38:42,200,
RBC,"Business Support Analyst, Project Management Office (London)","London, United Kingdom",Strategy | Project & Program Management,09/28/2026,https://jobs.rbc.com/ca/en/job/R-0000183091/Business-Support-Analyst-Project-Management-Office-London,https://jobs.rbc.com/ca/en/search-results?qcity=London&qcountry=United%20Kingdom,Search results | Jobs at RBC,true,2026-10-01T10:38:42,200,
RBC,Wealth Advice Implementation Support Specialist,"London, United Kingdom",Customer Service | Client Advice | Sales,09/22/2026,https://jobs.rbc.com/ca/en/job/R-0000185854/Wealth-Advice-Implementation-Support-Specialist,https://jobs.rbc.com/ca/en/search-results?qcity=London&qcountry=United%20Kingdom,Search results | Jobs at RBC,true,2026-10-01T10:38:42,200,
RBC,"BlueBay Asset Management - Manager, RFP Writer – Client Experience","London, United Kingdom",Technology | Analytics | Research,09/24/2026,https://jobs.rbc.com/ca/en/job/R-0000188838/BlueBay-Asset-Management-Manager-RFP-Writer-Client-Experience,https://jobs.rbc.com/ca/en/search-results?qcity=London&qcountry=United%20Kingdom,Search results | Jobs at RBC,true,2026-10-01T10:38:42,200,
RBC,"Senior Low Latency Engineer, Capital Markets Technology (London)","London, United Kingdom",Technology | Analytics | Research,09/23/2026,https://jobs.rbc.com/ca/en/job/R-0000188626/Senior-Low-Latency-Engineer-Capital-Markets-Technology-London,https://jobs.rbc.com/ca/en/search-results?qcity=London&qcountry=United%20Kingdom,Search results | Jobs at RBC,true,2026-10-01T10:38:42,200,
RBC,"Senior Analyst, Liquidity Reporting - Corporate Treasury","London, United Kingdom",Technology | Analytics | Research,09/21/2026,https://jobs.rbc.com/ca/en/job/R-0000187609/Senior-Analyst-Liquidity-Reporting-Corporate-Treasury,https://jobs.rbc.com/ca/en/search-results?qcity=London&qcountry=United%20Kingdom,Search results | Jobs at RBC,true,2026-10-01T10:38:42,200,
RBC,Executive Assistant,"London, United Kingdom",Operations,09/24/2026,https://jobs.rbc.com/ca/en/job/R-0000188706/Executive-Assistant,https://jobs.rbc.com/ca/en/search-results?qcity=London&qcountry=United%20Kingdom,Search results | Jobs at RBC,true,2026-10-01T10:38:42,200,
Santander,Customer Experience Advisor | S1 | Retail Banking | Aberstwyth Branch,Aberystwyth,,Posted Today,https://santander.wd3.myworkdayjobs.com/en-US/SantanderCareers/job/Aberystwyth/Customer-Experience-Advisor---S1---Retail-Banking---Aberstwyth-1-GD-Branch_Req1607469-1?locationCountry=29247e57dbaf46fb855b224e03170bc7,https://santander.wd3.myworkdayjobs.com/en-US/SantanderCareers?locationCountry=29247e57dbaf46fb855b224e03170bc7,Search for Jobs,true,2026-10-01T10:38:42,200,
Santander,"Analyst, Cash Management Specialist - 12 mth FTC | SCIB",London,,Posted Yesterday,https://santander.wd3.myworkdayjobs.com/en-US/SantanderCareers/job/London/Analyst--Cash-Management-Specialist---12-mth-FTC---SCIB_Req1616766-1?locationCountry=29247e57dbaf46fb855b224e03170bc7,https://santander.wd3.myworkdayjobs.com/en-US/SantanderCareers?locationCountry=29247e57dbaf46fb855b224e03170bc7,Search for Jobs,true,2026-10-01T10:38:42,200,
Santander,Customer Experience Consultant | S1 | Retail Banking | Bromsgrove,Bromsgrove,,Posted Yesterday,https://santander.wd3.myworkdayjobs.com/en-US/SantanderCareers/job/Bromsgrove/Customer-Experience-Consultant---S1---Retail-Banking---Bromsgrove_Req1616756-1?locationCountry=29247e57dbaf46fb855b224e03170bc7,https://santander.wd3.myworkdayjobs.com/en-US/SantanderCareers?locationCountry=29247e57dbaf46fb855b224e03170bc7,Search for Jobs,true,2026-10-01T10:38:42,200,
Santander,Customer Experience Advisor | S1 | Retail Banking | Crawley,Crawley,,Posted Yesterday,https://santander.wd3.myworkdayjobs.com/en-US/SantanderCareers/job/Crawley/Customer-Experience-Advisor---S1---Retail-Banking---Crawley_Req1578996-1?locationCountry=29247e57dbaf46fb855b224e03170bc7,https://santander.wd3.myworkdayjobs.com/en-US/SantanderCareers?locationCountry=29247e57dbaf46fb855b224e03170bc7,Search for Jobs,true,2026-10-01T10:38:42,200,
Santander,Customer Experience Advisor | S1 | Retail Banking | Chesterfield,Chesterfield,,Posted Yesterday,https://santander.wd3.myworkdayjobs.com/en-US/SantanderCareers/job/Chesterfield/Customer-Experience-Advisor---S1---Retail-Banking---Chesterfield_Req1607443-1?locationCountry=29247e57dbaf46fb855b224e03170bc7,https://santander.wd3.myworkdayjobs.com/en-US/SantanderCareers?locationCountry=29247e57dbaf46fb855b224e03170bc7,Search for Jobs,true,2026-10-01T10:38:42,200,
Santander,"Consumer & Business Banking, Sr. Relationship Banker, Taunton, MA",Taunton,,Posted 2 Days Ago,https://santander.wd3.myworkdayjobs.com/en-US/SantanderCareers/job/Taunton/Consumer---Business-Banking--Sr-Relationship-Banker--Taunton--MA_Req1616670-1?locationCountry=29247e57dbaf46fb855b224e03170bc7,https://santander.wd3.myworkdayjobs.com/en-US/SantanderCareers?locationCountry=29247e57dbaf46fb855b224e03170bc7,Search for Jobs,true,2026-10-01T10:38:42,200,
Santander,Customer Experience Advisor | S1 | Retail Banking | Edinburgh,Edinburgh,,Posted 2 Days Ago,https://santander.wd3.myworkdayjobs.com/en-US/SantanderCareers/job/Edinburgh/Customer-Experience-Advisor---S1---Retail-Banking---Edinburgh_Req1612150-2?locationCountry=29247e57dbaf46fb855b224e03170bc7,https://santander.wd3.myworkdayjobs.com/en-US/SantanderCareers?locationCountry=29247e57dbaf46fb855b224e03170bc7,Search for Jobs,true,2026-10-01T10:38:42,200,
Santander,Customer Experience Advisor | S1 | Retail Banking | Hastings,Hastings,,Posted 2 Days Ago,https://santander.wd3.myworkdayjobs.com/en-US/SantanderCareers/job/Hastings/Customer-Experience-Advisor---S1---Retail-Banking---Hastings--_Req1587932-1?locationCountry=29247e57dbaf46fb855b224e03170bc7,https://santander.wd3.myworkdayjobs.com/en-US/SantanderCareers?locationCountry=29247e57dbaf46fb855b224e03170bc7,Search for Jobs,true,2026-10-01T10:38:42,200,
Santander,Customer Experience Advisor | S1 | Retail Banking | Basingstoke,Basingstoke,,Posted 2 Days Ago,https://santander.wd3.myworkdayjobs.com/en-US/SantanderCareers/job/Basingstoke/Customer-Experience-Advisor---S1---Retail-Banking---Basingstoke_Req1615850-1?locationCountry=29247e57dbaf46fb855b224e03170bc7,https://santander.wd3.myworkdayjobs.com/en-US/SantanderCareers?locationCountry=29247e57dbaf46fb855b224e03170bc7,Search for Jobs,true,2026-10-01T10:38:42,200,
Santander,Customer Experience Advisor | S1 | Retail Banking | Basingstoke,Basingstoke,,Posted 2 Days Ago,https://santander.wd3.myworkdayjobs.com/en-US/SantanderCareers/job/Basingstoke/Customer-Experience-Advisor---S1---Retail-Banking---Basingstoke_Req1615849-2?locationCountry=29247e57dbaf46fb855b224e03170bc7,https://santander.wd3.myworkdayjobs.com/en-US/SantanderCareers?locationCountry=29247e57dbaf46fb855b224e03170bc7,Search for Jobs,true,2026-10-01T10:38:42,200,
Santander,Customer Experience Advisor | S1 | Retail Banking | Beverley,Beverley,,Posted 2 Days Ago,https://santander.wd3.myworkdayjobs.com/en-US/SantanderCareers/job/Beverley/Customer-Experience-Advisor---S1---Retail-Banking---Beverley_Req1612117-1?locationCountry=29247e57dbaf46fb855b224e03170bc7,https://santander.wd3.myworkdayjobs.com/en-US/SantanderCareers?locationCountry=29247e57dbaf46fb855b224e03170bc7,Search for Jobs,true,2026-10-01T10:38:42,200,
Santander,Customer Experience Advisor | S1 | Retail Banking | Ballymena,Ballymena,,Posted 2 Days Ago,https://santander.wd3.myworkdayjobs.com/en-US/SantanderCareers/job/Ballymena/Customer-Experience-Advisor---S1---Retail-Banking---Ballymena_Req1615842-1?locationCountry=29247e57dbaf46fb855b224e03170bc7,https://santander.wd3.myworkdayjobs.com/en-US/SantanderCareers?locationCountry=29247e57dbaf46fb855b224e03170bc7,Search for Jobs,true,2026-10-01T10:38:42,200,
Santander,Customer Experience Advisor | S1 | Retail Banking | Edinburgh Work Cafe,Edinburgh,,Posted 2 Days Ago,https://santander.wd3.myworkdayjobs.com/en-US/SantanderCareers/job/Edinburgh/Customer-Experience-Advisor---S1---Retail-Banking---Edinburgh-Work-Cafe_Req1612114-1?locationCountry=29247e57dbaf46fb855b224e03170bc7,https://santander.wd3.myworkdayjobs.com/en-US/SantanderCareers?locationCountry=29247e57dbaf46fb855b224e03170bc7,Search for Jobs,true,2026-10-01T10:38:42,200,
Santander,SCUK Fleet Operations Executive (12 month FTC),Milton Keynes,,Posted 2 Days Ago,https://santander.wd3.myworkdayjobs.com/en-US/SantanderCareers/job/Milton-Keynes/SCUK-Fleet-Operations-Executive--12-month-FTC-_Req1565254?locationCountry=29247e57dbaf46fb855b224e03170bc7,https://santander.wd3.myworkdayjobs.com/en-US/SantanderCareers?locationCountry=29247e57dbaf46fb855b224e03170bc7,Search for Jobs,true,2026-10-01T10:38:42,200,
Santander,Customer Experience Advisor | S1 | Retail Banking | Northampton,Northampton,,Posted 2 Days Ago,https://santander.wd3.myworkdayjobs.com/en-US/SantanderCareers/job/Northampton/Customer-Experience-Advisor---S1---Retail-Banking---Northampton_Req1615846-1?locationCountry=29247e57dbaf46fb855b224e03170bc7,https://santander.wd3.myworkdayjobs.com/en-US/SantanderCareers?locationCountry=29247e57dbaf46fb855b224e03170bc7,Search for Jobs,true,2026-10-01T10:38:42,200,
Santander,Customer Experience Advisor | S1 | Retail Banking | Aberdeen,Aberdeen,,Posted 2 Days Ago,https://santander.wd3.myworkdayjobs.com/en-US/SantanderCareers/job/Aberdeen/Customer-Experience-Advisor---S1---Retail-Banking---Aberdeen_Req1612132-2?locationCountry=29247e57dbaf46fb855b224e03170bc7,https://santander.wd3.myworkdayjobs.com/en-US/SantanderCareers?locationCountry=29247e57dbaf46fb855b224e03170bc7,Search for Jobs,true,2026-10-01T10:38:42,200,
Santander,Customer Experience Advisor | S1 | Retail Banking | Beaumont Leys,Beaumont Leys,,Posted 2 Days Ago,https://santander.wd3.myworkdayjobs.com/en-US/SantanderCareers/job/Beaumont-Leys/Customer-Experience-Advisor---S1---Retail-Banking---Beaumont-Leys_Req1615847-1?locationCountry=29247e57dbaf46fb855b224e03170bc7,https://santander.wd3.myworkdayjobs.com/en-US/SantanderCareers?locationCountry=29247e57dbaf46fb855b224e03170bc7,Search for Jobs,true,2026-10-01T10:38:42,200,
Santander,Customer Experience Advisor | S1 | Retail Banking | Beaumont Leys,Beaumont Leys,,Posted 2 Days Ago,https://santander.wd3.myworkdayjobs.com/en-US/SantanderCareers/job/Beaumont-Leys/Customer-Experience-Advisor---S1---Retail-Banking---Beaumont-Leys_Req1615848-1?locationCountry=29247e57dbaf46fb855b224e03170bc7,https://santander.wd3.myworkdayjobs.com/en-US/SantanderCareers?locationCountry=29247e57dbaf46fb855b224e03170bc7,Search for Jobs,true,2026-10-01T10:38:42,200,
Santander,Customer Experience Advisor | S1 | Retail Banking | Inverness,Inverness,,Posted 2 Days Ago,https://santander.wd3.myworkdayjobs.com/en-US/SantanderCareers/job/Inverness/Customer-Experience-Advisor---S1---Retail-Banking---Inverness_Req1612133-1?locationCountry=29247e57dbaf46fb855b224e03170bc7,https://santander.wd3.myworkdayjobs.com/en-US/SantanderCareers?locationCountry=29247e57dbaf46fb855b224e03170bc7,Search for Jobs,true,2026-10-01T10:38:42,200,
Santander,Customer Service Advisor | S1 | Business Banking | Edinburgh | 12 Month FTC,Henry Duncan House - TSB,,Posted 2 Days Ago,https://santander.wd3.myworkdayjobs.com/en-US/SantanderCareers/job/Henry-Duncan-House---TSB/Customer-Service-Advisor---S1---Business-Banking---Edinburgh---12-Month-FTC_Req1616466-1?locationCountry=29247e57dbaf46fb855b224e03170bc7,https://santander.wd3.myworkdayjobs.com/en-US/SantanderCareers?locationCountry=29247e57dbaf46fb855b224e03170bc7,Search for Jobs,true,2026-10-01T10:38:42,200,
Schroders,"Investment Analyst, Infrastructure Debt","London, United Kingdom",,01/10/2026,,https://ekbq.fa.em2.oraclecloud.com/hcmUI/CandidateExperience/en/sites/CX_2/jobs?location=London%2C+United+Kingdom&locationId=100002043334044&locationLevel=state&mode=job-location,Search Jobs - Schroders Careers,false,2026-10-01T10:38:42,200,
Schroders,Senior In-House Lawyer (12 month Contract),"London, United Kingdom",,01/10/2026,,https://ekbq.fa.em2.oraclecloud.com/hcmUI/CandidateExperience/en/sites/CX_2/jobs?location=London%2C+United+Kingdom&locationId=100002043334044&locationLevel=state&mode=job-location,Search Jobs - Schroders Careers,false,2026-10-01T10:38:42,200,
Schroders,2027 Wealth Management (Portfolio Management) Graduate Programme,"London, United Kingdom",,29/09/2026,,https://ekbq.fa.em2.oraclecloud.com/hcmUI/CandidateExperience/en/sites/CX_2/jobs?location=London%2C+United+Kingdom&locationId=100002043334044&locationLevel=state&mode=job-location,Search Jobs - Schroders Careers,false,2026-10-01T10:38:42,200,
Schroders,Principal Business Analyst - CRM Platforms,"London, United Kingdom",,28/09/2026,,https://ekbq.fa.em2.oraclecloud.com/hcmUI/CandidateExperience/en/sites/CX_2/jobs?location=London%2C+United+Kingdom&locationId=100002043334044&locationLevel=state&mode=job-location,Search Jobs - Schroders Careers,false,2026-10-01T10:38:42,200,
Schroders,Software Engineering Lead - Data Technology Platforrms,"London, United Kingdom",,28/09/2026,,https://ekbq.fa.em2.oraclecloud.com/hcmUI/CandidateExperience/en/sites/CX_2/jobs?location=London%2C+United+Kingdom&locationId=100002043334044&locationLevel=state&mode=job-location,Search Jobs - Schroders Careers,false,2026-10-01T10:38:42,200,
Schroders,Senior Regulatory Business Analyst (CCI),"London, United Kingdom",,24/09/2026,,https://ekbq.fa.em2.oraclecloud.com/hcmUI/CandidateExperience/en/sites/CX_2/jobs?location=London%2C+United+Kingdom&locationId=100002043334044&locationLevel=state&mode=job-location,Search Jobs - Schroders Careers,false,2026-10-01T10:38:42,200,
Schroders,Senior Client Services Executive,"London, United Kingdom",,24/09/2026,,https://ekbq.fa.em2.oraclecloud.com/hcmUI/CandidateExperience/en/sites/CX_2/jobs?location=London%2C+United+Kingdom&locationId=100002043334044&locationLevel=state&mode=job-location,Search Jobs - Schroders Careers,false,2026-10-01T10:38:42,200,
Schroders,Senior Consultant,"London, United Kingdom",,21/09/2026,,https://ekbq.fa.em2.oraclecloud.com/hcmUI/CandidateExperience/en/sites/CX_2/jobs?location=London%2C+United+Kingdom&locationId=100002043334044&locationLevel=state&mode=job-location,Search Jobs - Schroders Careers,false,2026-10-01T10:38:42,200,
Schroders,2027 Public Markets Equities Internship Programme,"London, United Kingdom",,18/09/2026,,https://ekbq.fa.em2.oraclecloud.com/hcmUI/CandidateExperience/en/sites/CX_2/jobs?location=London%2C+United+Kingdom&locationId=100002043334044&locationLevel=state&mode=job-location,Search Jobs - Schroders Careers,false,2026-10-01T10:38:42,200,
Schroders,2027 Public Markets Multi-Asset Internship Programme,"London, United Kingdom",,18/09/2026,,https://ekbq.fa.em2.oraclecloud.com/hcmUI/CandidateExperience/en/sites/CX_2/jobs?location=London%2C+United+Kingdom&locationId=100002043334044&locationLevel=state&mode=job-location,Search Jobs - Schroders Careers,false,2026-10-01T10:38:42,200,
Schroders,2027 Client Group Internship Programme,"London, United Kingdom",,18/09/2026,,https://ekbq.fa.em2.oraclecloud.com/hcmUI/CandidateExperience/en/sites/CX_2/jobs?location=London%2C+United+Kingdom&locationId=100002043334044&locationLevel=state&mode=job-location,Search Jobs - Schroders Careers,false,2026-10-01T10:38:42,200,
Schroders,2027 Finance Internship Programme,"London, United Kingdom",,18/09/2026,,https://ekbq.fa.em2.oraclecloud.com/hcmUI/CandidateExperience/en/sites/CX_2/jobs?location=London%2C+United+Kingdom&locationId=100002043334044&locationLevel=state&mode=job-location,Search Jobs - Schroders Careers,false,2026-10-01T10:38:42,200,
Schroders,2027 Internal Audit Internship Programme,"London, United Kingdom",,18/09/2026,,https://ekbq.fa.em2.oraclecloud.com/hcmUI/CandidateExperience/en/sites/CX_2/jobs?location=London%2C+United+Kingdom&locationId=100002043334044&locationLevel=state&mode=job-location,Search Jobs - Schroders Careers,false,2026-10-01T10:38:42,200,
Schroders,2027 Internal Audit Placement Year Programme,"London, United Kingdom",,18/09/2026,,https://ekbq.fa.em2.oraclecloud.com/hcmUI/CandidateExperience/en/sites/CX_2/jobs?location=London%2C+United+Kingdom&locationId=100002043334044&locationLevel=state&mode=job-location,Search Jobs - Schroders Careers,false,2026-10-01T10:38:42,200,
Schroders,2027 Business Change Project Delivery and Analysis Internship Programme,"London, United Kingdom",,18/09/2026,,https://ekbq.fa.em2.oraclecloud.com/hcmUI/CandidateExperience/en/sites/CX_2/jobs?location=London%2C+United+Kingdom&locationId=100002043334044&locationLevel=state&mode=job-location,Search Jobs - Schroders Careers,false,2026-10-01T10:38:42,200,
Schroders,2027 Business Change Project Delivery and Analysis Placement Year Programme,"London, United Kingdom",,18/09/2026,,https://ekbq.fa.em2.oraclecloud.com/hcmUI/CandidateExperience/en/sites/CX_2/jobs?location=London%2C+United+Kingdom&locationId=100002043334044&locationLevel=state&mode=job-location,Search Jobs - Schroders Careers,false,2026-10-01T10:38:42,200,
Schroders,2027 Business Transformation Placement Year Programme,"London, United Kingdom",,18/09/2026,,https://ekbq.fa.em2.oraclecloud.com/hcmUI/CandidateExperience/en/sites/CX_2/jobs?location=London%2C+United+Kingdom&locationId=100002043334044&locationLevel=state&mode=job-location,Search Jobs - Schroders Careers,false,2026-10-01T10:38:42,200,
Schroders,2027 Product Internship Programme,"London, United Kingdom",,18/09/2026,,https://ekbq.fa.em2.oraclecloud.com/hcmUI/CandidateExperience/en/sites/CX_2/jobs?location=London%2C+United+Kingdom&locationId=100002043334044&locationLevel=state&mode=job-location,Search Jobs - Schroders Careers,false,2026-10-01T10:38:42,200,
Schroders,2027 Internal Audit Graduate Programme,"London, United Kingdom",,18/09/2026,,https://ekbq.fa.em2.oraclecloud.com/hcmUI/CandidateExperience/en/sites/CX_2/jobs?location=London%2C+United+Kingdom&locationId=100002043334044&locationLevel=state&mode=job-location,Search Jobs - Schroders Careers,false,2026-10-01T10:38:42,200,
Schroders,2027 Finance Graduate Programme,"London, United Kingdom",,18/09/2026,,https://ekbq.fa.em2.oraclecloud.com/hcmUI/CandidateExperience/en/sites/CX_2/jobs?location=London%2C+United+Kingdom&locationId=100002043334044&locationLevel=state&mode=job-location,Search Jobs - Schroders Careers,false,2026-10-01T10:38:42,200,
Schroders,2027 Wealth Management (Wealth Planning) Graduate Programme,"London, United Kingdom",,18/09/2026,,https://ekbq.fa.em2.oraclecloud.com/hcmUI/CandidateExperience/en/sites/CX_2/jobs?location=London%2C+United+Kingdom&locationId=100002043334044&locationLevel=state&mode=job-location,Search Jobs - Schroders Careers,false,2026-10-01T10:38:42,200,
Schroders,Greencoat Fund Finance Manager,"London, United Kingdom",,18/09/2026,,https://ekbq.fa.em2.oraclecloud.com/hcmUI/CandidateExperience/en/sites/CX_2/jobs?location=London%2C+United+Kingdom&locationId=100002043334044&locationLevel=state&mode=job-location,Search Jobs - Schroders Careers,false,2026-10-01T10:38:42,200,
Schroders,Head of Derivative Services & Oversight,"London, United Kingdom",,17/09/2026,,https://ekbq.fa.em2.oraclecloud.com/hcmUI/CandidateExperience/en/sites/CX_2/jobs?location=London%2C+United+Kingdom&locationId=100002043334044&locationLevel=state&mode=job-location,Search Jobs - Schroders Careers,false,2026-10-01T10:38:42,200,
Schroders,Wealth Planner (Chartered),"London, United Kingdom",,17/09/2026,,https://ekbq.fa.em2.oraclecloud.com/hcmUI/CandidateExperience/en/sites/CX_2/jobs?location=London%2C+United+Kingdom&locationId=100002043334044&locationLevel=state&mode=job-location,Search Jobs - Schroders Careers,false,2026-10-01T10:38:42,200,
Schroders,Consultant Database Specialist,"London, United Kingdom",,16/09/2026,,https://ekbq.fa.em2.oraclecloud.com/hcmUI/CandidateExperience/en/sites/CX_2/jobs?location=London%2C+United+Kingdom&locationId=100002043334044&locationLevel=state&mode=job-location,Search Jobs - Schroders Careers,false,2026-10-01T10:38:42,200,
Schroders,Principal Salesforce Engineer,"London, United Kingdom",,11/09/2026,,https://ekbq.fa.em2.oraclecloud.com/hcmUI/CandidateExperience/en/sites/CX_2/jobs?location=London%2C+United+Kingdom&locationId=100002043334044&locationLevel=state&mode=job-location,Search Jobs - Schroders Careers,false,2026-10-01T10:38:42,200,
Schroders,"Legal Counsel, Schroders Capital Private Equity","London, United Kingdom",,11/09/2026,,https://ekbq.fa.em2.oraclecloud.com/hcmUI/CandidateExperience/en/sites/CX_2/jobs?location=London%2C+United+Kingdom&locationId=100002043334044&locationLevel=state&mode=job-location,Search Jobs - Schroders Careers,false,2026-10-01T10:38:42,200,
Schroders,Salesforce Platform Architect,"London, United Kingdom",,10/09/2026,,https://ekbq.fa.em2.oraclecloud.com/hcmUI/CandidateExperience/en/sites/CX_2/jobs?location=London%2C+United+Kingdom&locationId=100002043334044&locationLevel=state&mode=job-location,Search Jobs - Schroders Careers,false,2026-10-01T10:38:42,200,
Schroders,"Business Risk Manager, Suitability Lead","London, United Kingdom",,09/09/2026,,https://ekbq.fa.em2.oraclecloud.com/hcmUI/CandidateExperience/en/sites/CX_2/jobs?location=London%2C+United+Kingdom&locationId=100002043334044&locationLevel=state&mode=job-location,Search Jobs - Schroders Careers,false,2026-10-01T10:38:42,200,
Schroders,Private Asset Tax Manager,"London, United Kingdom",,08/09/2026,,https://ekbq.fa.em2.oraclecloud.com/hcmUI/CandidateExperience/en/sites/CX_2/jobs?location=London%2C+United+Kingdom&locationId=100002043334044&locationLevel=state&mode=job-location,Search Jobs - Schroders Careers,false,2026-10-01T10:38:42,200,
Schroders,Wealth Planning Client Support Executive,"London, United Kingdom",,08/09/2026,,https://ekbq.fa.em2.oraclecloud.com/hcmUI/CandidateExperience/en/sites/CX_2/jobs?location=London%2C+United+Kingdom&locationId=100002043334044&locationLevel=state&mode=job-location,Search Jobs - Schroders Careers,false,2026-10-01T10:38:42,200,
Schroders,Portfolio Manager (US/UK),"London, United Kingdom",,08/09/2026,,https://ekbq.fa.em2.oraclecloud.com/hcmUI/CandidateExperience/en/sites/CX_2/jobs?location=London%2C+United+Kingdom&locationId=100002043334044&locationLevel=state&mode=job-location,Search Jobs - Schroders Careers,false,2026-10-01T10:38:42,200,
Schroders,Senior Paraplanner,"London, United Kingdom",,03/09/2026,,https://ekbq.fa.em2.oraclecloud.com/hcmUI/CandidateExperience/en/sites/CX_2/jobs?location=London%2C+United+Kingdom&locationId=100002043334044&locationLevel=state&mode=job-location,Search Jobs - Schroders Careers,false,2026-10-01T10:38:42,200,
Scotiabank,"Financial Planner, Scotia Financial Planning - London","London (ON), ON, CA",,"Sep 10, 2026",https://jobs.scotiabank.com/job/London-%28ON%29-Financial-Planner%2C-Scotia-Financial-Planning-London-ON/600873617/,https://jobs.scotiabank.com/search/?createNewAlert=false&q=&locationsearch=london,London - Scotiabank Jobs,false,2026-10-01T10:38:42,200,
Scotiabank,"Mortgage Specialist - Windsor, London & Sarnia","London (ON), ON, CA",,"Sep 22, 2026",https://jobs.scotiabank.com/job/London-%28ON%29-Mortgage-Specialist-Windsor%2C-London-&-Sarnia-ON/595650317/,https://jobs.scotiabank.com/search/?createNewAlert=false&q=&locationsearch=london,London - Scotiabank Jobs,false,2026-10-01T10:38:42,200,
Scotiabank,ASPIRE Commercial Banking - Mid-Market - Winter 2027 Co-op / Internship - Southwestern Ontario,"London (ON), ON, CA",,"Sep 8, 2026",https://jobs.scotiabank.com/job/London-%28ON%29-ASPIRE-Commercial-Banking-Mid-Market-Winter-2027-Co-op-Internship-Southwestern-Ontario-ON/605907017/,https://jobs.scotiabank.com/search/?createNewAlert=false&q=&locationsearch=london,London - Scotiabank Jobs,false,2026-10-01T10:38:42,200,
Scotiabank,Branch Manager (South West Ontario & London Districts),"London (ON), ON, CA",,"Sep 19, 2026",https://jobs.scotiabank.com/job/London-%28ON%29-Branch-Manager-%28South-West-Ontario-&-London-Districts%29-ON/605432317/,https://jobs.scotiabank.com/search/?createNewAlert=false&q=&locationsearch=london,London - Scotiabank Jobs,false,2026-10-01T10:38:42,200,
Scotiabank,ScotiaMcLeod Administrative Support Assistant - London (Contract),"London (ON), ON, CA, N6A5R8",,"Sep 9, 2026",https://jobs.scotiabank.com/job/London-%28ON%29-ScotiaMcLeod-Administrative-Support-Assistant-London-%28Contract%29-ON-N6A5R8/605923617/,https://jobs.scotiabank.com/search/?createNewAlert=false&q=&locationsearch=london,London - Scotiabank Jobs,false,2026-10-01T10:38:42,200,
Scotiabank,ScotiaMcLeod Business Development Associate - London (18 Month Contract),"London (ON), ON, CA, N6A5R8",,"Sep 26, 2026",https://jobs.scotiabank.com/job/London-%28ON%29-ScotiaMcLeod-Business-Development-Associate-London-%2818-Month-Contract%29-ON-N6A5R8/604809817/,https://jobs.scotiabank.com/search/?createNewAlert=false&q=&locationsearch=london,London - Scotiabank Jobs,false,2026-10-01T10:38:42,200,
Scotiabank,"Senior Financial Advisor - Fanshawe Park Road Branch - London, ON","London (ON), ON, CA, N5X3W1",,"Sep 23, 2026",https://jobs.scotiabank.com/job/London-%28ON%29-Senior-Financial-Advisor-Fanshawe-Park-Road-Branch-London%2C-ON-ON-N5X3W1/606367917/,https://jobs.scotiabank.com/search/?createNewAlert=false&q=&locationsearch=london,London - Scotiabank Jobs,false,2026-10-01T10:38:42,200,
Scotiabank,"Scotiatrust Trust Officer - London, ON","London (ON), ON, CA, N6A5R8",,"Sep 13, 2026",https://jobs.scotiabank.com/job/London-%28ON%29-Scotiatrust-Trust-Officer-London%2C-ON-ON-N6A5R8/595199817/,https://jobs.scotiabank.com/search/?createNewAlert=false&q=&locationsearch=london,London - Scotiabank Jobs,false,2026-10-01T10:38:42,200,
Scotiabank,Customer Experience Lead - Huron Street & Highbury Ave (37.5 hours/week),"London (ON), ON, CA, N5Y6M7",,"Sep 3, 2026",https://jobs.scotiabank.com/job/London-%28ON%29-Customer-Experience-Lead-Huron-Street-&-Highbury-Ave-%2837_5-hoursweek%29-ON-N5Y6M7/605817917/,https://jobs.scotiabank.com/search/?createNewAlert=false&q=&locationsearch=london,London - Scotiabank Jobs,false,2026-10-01T10:38:42,200,
Scotiabank,Signature Banker,"London (ON), ON, CA, N6A5R8",,"Sep 11, 2026",https://jobs.scotiabank.com/job/London-%28ON%29-Signature-Banker-ON-N6A5R8/606016317/,https://jobs.scotiabank.com/search/?createNewAlert=false&q=&locationsearch=london,London - Scotiabank Jobs,false,2026-10-01T10:38:42,200,
Scotiabank,"Client Relationship Manager, Commercial Banking (London Ontario)","London (ON), ON, CA, N6A5R8",,"Sep 23, 2026",https://jobs.scotiabank.com/job/London-%28ON%29-Client-Relationship-Manager%2C-Commercial-Banking-%28London-Ontario%29-ON-N6A5R8/603505217/,https://jobs.scotiabank.com/search/?createNewAlert=false&q=&locationsearch=london,London - Scotiabank Jobs,false,2026-10-01T10:38:42,200,
Scotiabank,"Business Advisor - Southdale Colonel Talbot Branch - London, ON","London (ON), ON, CA, N6P0B3",,"Sep 24, 2026",https://jobs.scotiabank.com/job/London-%28ON%29-Business-Advisor-Southdale-Colonel-Talbot-Branch-London%2C-ON-ON-N6P0B3/606453117/,https://jobs.scotiabank.com/search/?createNewAlert=false&q=&locationsearch=london,London - Scotiabank Jobs,false,2026-10-01T10:38:42,200,
Scotiabank,"Client Service Associate London, ON","London (ON), ON, CA, N6A5N6",,"Sep 8, 2026",https://jobs.scotiabank.com/MD/job/London-%28ON%29-Client-Service-Associate-London%2C-ON-ON-N6A5N6/605913717/,https://jobs.scotiabank.com/search/?createNewAlert=false&q=&locationsearch=london,London - Scotiabank Jobs,false,2026-10-01T10:38:42,200,
Scotiabank,"Director, Options Trader, Equity Derivatives","London (UK), ENG, GB",,"Sep 19, 2026",https://jobs.scotiabank.com/job/London-%28UK%29-Director%2C-Options-Trader%2C-Equity-Derivatives-ENG/599419017/,https://jobs.scotiabank.com/search/?createNewAlert=false&q=&locationsearch=london,London - Scotiabank Jobs,false,2026-10-01T10:38:42,200,
Scotiabank,"Associate Director - Reservoir Engineering, Investment Banking, Energy - London","London (UK), ENG, GB",,"Sep 29, 2026",https://jobs.scotiabank.com/job/London-%28UK%29-Associate-Director-Reservoir-Engineering%2C-Investment-Banking%2C-Energy-London-ENG/606556617/,https://jobs.scotiabank.com/search/?createNewAlert=false&q=&locationsearch=london,London - Scotiabank Jobs,false,2026-10-01T10:38:42,200,
Scotiabank,"Associate Director/ Director, Hedge Fund Coverage, Prime Services, Global Banking & Markets","London (UK), ENG, GB",,"Sep 3, 2026",https://jobs.scotiabank.com/job/London-%28UK%29-Associate-Director-Director%2C-Hedge-Fund-Coverage%2C-Prime-Services%2C-Global-Banking-&-Markets-ENG/600653417/,https://jobs.scotiabank.com/search/?createNewAlert=false&q=&locationsearch=london,London - Scotiabank Jobs,false,2026-10-01T10:38:42,200,
Scotiabank,"Director, Investment Banking (EMEA & APAC), Energy - London","London (UK), ENG, GB",,"Sep 24, 2026",https://jobs.scotiabank.com/job/London-%28UK%29-Director%2C-Investment-Banking-%28EMEA-&-APAC%29%2C-Energy-London-ENG/606417817/,https://jobs.scotiabank.com/search/?createNewAlert=false&q=&locationsearch=london,London - Scotiabank Jobs,false,2026-10-01T10:38:42,200,
Scotiabank,"Manager, Rates/CMF, Trade Floor Risk Management","London (UK), ENG, GB, EC2M 3NS",,"Sep 9, 2026",https://jobs.scotiabank.com/job/London-%28UK%29-Manager%2C-RatesCMF%2C-Trade-Floor-Risk-Management-ENG-EC2M-3NS/605950017/,https://jobs.scotiabank.com/search/?createNewAlert=false&q=&locationsearch=london,London - Scotiabank Jobs,false,2026-10-01T10:38:42,200,
SIG,PhD Discovery Summit (On-site),New York,Quantitative Research,Discovery Program 2027,https://careers.sig.com/quantitative-research/jobs/11184?lang=en-us,https://careers.sig.com/c/quantitative-research-jobs,Quantitative Research Jobs | Susquehanna Careers,false,2026-10-01T10:38:42,200,
SIG,Quantitative Researcher - Graduate: 2027,London,Quantitative Research,June 2027 Start,https://careers.sig.com/quantitative-research/jobs/11033?lang=en-us,https://careers.sig.com/c/quantitative-research-jobs,Quantitative Research Jobs | Susquehanna Careers,false,2026-10-01T10:38:42,200,
SIG,Quantitative Research Internship: Summer 2027,London,Quantitative Research,June 2027 Start,https://careers.sig.com/quantitative-research/jobs/11007?lang=en-us,https://careers.sig.com/c/quantitative-research-jobs,Quantitative Research Jobs | Susquehanna Careers,false,2026-10-01T10:38:42,200,
SIG,Quantitative Researcher - Graduate: 2027,Dublin,Quantitative Research,June 2027 Start,https://careers.sig.com/quantitative-research/jobs/10844?lang=en-us,https://careers.sig.com/c/quantitative-research-jobs,Quantitative Research Jobs | Susquehanna Careers,false,2026-10-01T10:38:42,200,
SIG,Quantitative Research Internship: Summer 2027,Dublin,Quantitative Research,June 2027 Start,https://careers.sig.com/quantitative-research/jobs/10843?lang=en-us,https://careers.sig.com/c/quantitative-research-jobs,Quantitative Research Jobs | Susquehanna Careers,false,2026-10-01T10:38:42,200,
SIG,Quantitative Research Internship - Master's: Summer 2027,Hong Kong,Quantitative Research,June 2027 Start,https://careers.sig.com/quantitative-research/jobs/11121?lang=en-us,https://careers.sig.com/c/quantitative-research-jobs,Quantitative Research Jobs | Susquehanna Careers,false,2026-10-01T10:38:42,200,
SIG,Quantitative Research Internship - PhD: Summer 2027,Hong Kong,Quantitative Research,June 2027 Start,https://careers.sig.com/quantitative-research/jobs/11083?lang=en-us,https://careers.sig.com/c/quantitative-research-jobs,Quantitative Research Jobs | Susquehanna Careers,false,2026-10-01T10:38:42,200,
SIG,Quantitative Researcher – Master's: 2027,New York,Quantitative Research,June 2027 Start,https://careers.sig.com/quantitative-research/jobs/11018?lang=en-us,https://careers.sig.com/c/quantitative-research-jobs,Quantitative Research Jobs | Susquehanna Careers,false,2026-10-01T10:38:42,200,
SIG,Quantitative Researcher - PhD: 2027,New York,Quantitative Research,June 2027 Start,https://careers.sig.com/quantitative-research/jobs/11017?lang=en-us,https://careers.sig.com/c/quantitative-research-jobs,Quantitative Research Jobs | Susquehanna Careers,false,2026-10-01T10:38:42,200,
SIG,Quantitative Researcher – Master's: 2027,Bala Cynwyd (Philadelphia Area),Quantitative Research,June 2027 Start,https://careers.sig.com/quantitative-research/jobs/11016?lang=en-us,https://careers.sig.com/c/quantitative-research-jobs,Quantitative Research Jobs | Susquehanna Careers,false,2026-10-01T10:38:42,200,
Standard Chartered,"Snr Investigator China, Group Investigations (6-month contractor)","Shanghai, CHN","Audit, Accounting & Finance",,https://jobs.standardchartered.com/job/Snr-Investigator-China%2C-Group-Investigations-%286-month-contractor%29/61847-en_GB,https://jobs.standardchartered.com/go/Experienced-Professional-jobs/9783657/?&feedid=363857,"",true,2026-10-01T10:38:42,200,
Standard Chartered,"Business Finance, WRB Taiwan (6 months Contractor, DC)","Taipei, TWN","Audit, Accounting & Finance",,https://jobs.standardchartered.com/job/Business-Finance%2C-WRB-Taiwan-%286-months-Contractor%2C-DC%29/61486-en_GB,https://jobs.standardchartered.com/go/Experienced-Professional-jobs/9783657/?&feedid=363857,"",true,2026-10-01T10:38:42,200,
Standard Chartered,Product Owner (CMPS),"Bukit Jalil KL, MYS",Retail Banking,,https://jobs.standardchartered.com/job/Product-Owner-%28CMPS%29/61784-en_GB,https://jobs.standardchartered.com/go/Experienced-Professional-jobs/9783657/?&feedid=363857,"",true,2026-10-01T10:38:42,200,
Standard Chartered,Junior Buyer Acquisition Executive - HAL,"Dubai, ARE",Ventures,,https://jobs.standardchartered.com/job/Junior-Buyer-Acquisition-Executive-HAL/63035-en_GB,https://jobs.standardchartered.com/go/Experienced-Professional-jobs/9783657/?&feedid=363857,"",true,2026-10-01T10:38:42,200,
Standard Chartered,Change and Enablement Lead,"Bukit Jalil KL, MYS",Human Resources,,https://jobs.standardchartered.com/job/Change-and-Enablement-Lead/58971-en_GB,https://jobs.standardchartered.com/go/Experienced-Professional-jobs/9783657/?&feedid=363857,"",true,2026-10-01T10:38:42,200,
Standard Chartered,Product Owner - OTC Derivatives,"Tianjin, CHN",Retail Banking,,https://jobs.standardchartered.com/job/Product-Owner-OTC-Derivatives/61841-en_GB,https://jobs.standardchartered.com/go/Experienced-Professional-jobs/9783657/?&feedid=363857,"",true,2026-10-01T10:38:42,200,
Standard Chartered,Product Owner (CMPS),"Tianjin, CHN",Retail Banking,,https://jobs.standardchartered.com/job/Product-Owner-%28CMPS%29/61842-en_GB,https://jobs.standardchartered.com/go/Experienced-Professional-jobs/9783657/?&feedid=363857,"",true,2026-10-01T10:38:42,200,
Standard Chartered,Product Owner - Structured Product,"Guangzhou, CHN",Retail Banking,,https://jobs.standardchartered.com/job/Product-Owner-Structured-Product/61848-en_GB,https://jobs.standardchartered.com/go/Experienced-Professional-jobs/9783657/?&feedid=363857,"",true,2026-10-01T10:38:42,200,
Standard Chartered,Product Owner - Fixed Income,"Guangzhou, CHN",Retail Banking,,https://jobs.standardchartered.com/job/Product-Owner-Fixed-Income/61849-en_GB,https://jobs.standardchartered.com/go/Experienced-Professional-jobs/9783657/?&feedid=363857,"",true,2026-10-01T10:38:42,200,
Standard Chartered,"Relationship Manager, Priority","Hanoi, VNM",Retail Banking,,https://jobs.standardchartered.com/job/Relationship-Manager%2C-Priority/62114-en_GB,https://jobs.standardchartered.com/go/Experienced-Professional-jobs/9783657/?&feedid=363857,"",true,2026-10-01T10:38:42,200,
Two Sigma,Data Operations Analyst - Global Data Operations,United Kingdom - UK London,Engineering,,https://careers.twosigma.com/careers/JobDetail/London-United-Kingdom-of-Great-Britain-and-Northern-Ireland-Data-Operations-Analyst-Global-Data-Operations/14201,https://careers.twosigma.com/careers/OpenRoles/?5079=%5B16718359%5D&5079_format=3144&listFilterMode=1&jobRecordsPerPage=10&,Job Search | Two Sigma,false,2026-10-01T10:38:42,200,
Two Sigma,Reliability Engineer,United Kingdom - UK London,Engineering,,https://careers.twosigma.com/careers/JobDetail/London-United-Kingdom-of-Great-Britain-and-Northern-Ireland-Reliability-Engineer/13072,https://careers.twosigma.com/careers/OpenRoles/?5079=%5B16718359%5D&5079_format=3144&listFilterMode=1&jobRecordsPerPage=10&,Job Search | Two Sigma,false,2026-10-01T10:38:42,200,
Wellington,2027 Investment Platform Industrial Placement Internship Programme (London),"London, United Kingdom",,Posted 3 Days Ago,https://wellington.wd5.myworkdayjobs.com/en-GB/External/job/London-United-Kingdom/XMLNAME-2027-Investment-Platform-Industrial-Placement-Internship-Programme--London-_R94930?locations=26304b0c664210569c1104658a81b7c9,https://wellington.wd5.myworkdayjobs.com/en-GB/External?locations=26304b0c664210569c1104658a81b7c9,Search for Jobs - Logo,false,2026-10-01T10:38:42,200,
Wellington,Senior Systems Analyst,"London, United Kingdom",,Posted 7 Days Ago,https://wellington.wd5.myworkdayjobs.com/en-GB/External/job/London-United-Kingdom/Senior-Systems-Analyst_R94882-2?locations=26304b0c664210569c1104658a81b7c9,https://wellington.wd5.myworkdayjobs.com/en-GB/External?locations=26304b0c664210569c1104658a81b7c9,Search for Jobs - Logo,false,2026-10-01T10:38:42,200,
Wellington,Senior Systems Analyst,"London, United Kingdom",,Posted 7 Days Ago,https://wellington.wd5.myworkdayjobs.com/en-GB/External/job/London-United-Kingdom/Senior-Systems-Analyst_R94881?locations=26304b0c664210569c1104658a81b7c9,https://wellington.wd5.myworkdayjobs.com/en-GB/External?locations=26304b0c664210569c1104658a81b7c9,Search for Jobs - Logo,false,2026-10-01T10:38:42,200,
Wellington,Corporate Actions Analyst,"London, United Kingdom",,Posted 8 Days Ago,https://wellington.wd5.myworkdayjobs.com/en-GB/External/job/London-United-Kingdom/Corporate-Actions-Analyst_R94804-1?locations=26304b0c664210569c1104658a81b7c9,https://wellington.wd5.myworkdayjobs.com/en-GB/External?locations=26304b0c664210569c1104658a81b7c9,Search for Jobs - Logo,false,2026-10-01T10:38:42,200,
Wellington,EMEA Financing Trader,"London, United Kingdom",,Posted 13 Days Ago,https://wellington.wd5.myworkdayjobs.com/en-GB/External/job/London-United-Kingdom/EMEA-Financing-Trader_R94724-1?locations=26304b0c664210569c1104658a81b7c9,https://wellington.wd5.myworkdayjobs.com/en-GB/External?locations=26304b0c664210569c1104658a81b7c9,Search for Jobs - Logo,false,2026-10-01T10:38:42,200,
Wellington,Stewardship Associate,"London, United Kingdom",,Posted 14 Days Ago,https://wellington.wd5.myworkdayjobs.com/en-GB/External/job/London-United-Kingdom/Stewardship-Analyst_R94738-1?locations=26304b0c664210569c1104658a81b7c9,https://wellington.wd5.myworkdayjobs.com/en-GB/External?locations=26304b0c664210569c1104658a81b7c9,Search for Jobs - Logo,false,2026-10-01T10:38:42,200,
Wellington,"Principal, Global Compensation","London, United Kingdom",,Posted 15 Days Ago,https://wellington.wd5.myworkdayjobs.com/en-GB/External/job/London-United-Kingdom/Principal--Global-Compensation_R94812-1?locations=26304b0c664210569c1104658a81b7c9,https://wellington.wd5.myworkdayjobs.com/en-GB/External?locations=26304b0c664210569c1104658a81b7c9,Search for Jobs - Logo,false,2026-10-01T10:38:42,200,
Wellington,"Business Development Manager, Netherlands",2 Locations,,Posted 16 Days Ago,https://wellington.wd5.myworkdayjobs.com/en-GB/External/job/London-United-Kingdom/Business-Development-Manager_R94650?locations=26304b0c664210569c1104658a81b7c9,https://wellington.wd5.myworkdayjobs.com/en-GB/External?locations=26304b0c664210569c1104658a81b7c9,Search for Jobs - Logo,false,2026-10-01T10:38:42,200,
Wellington,Fund Product Analyst,"London, United Kingdom",,Posted 17 Days Ago,https://wellington.wd5.myworkdayjobs.com/en-GB/External/job/London-United-Kingdom/Fund-Product-Analyst_R94533-1?locations=26304b0c664210569c1104658a81b7c9,https://wellington.wd5.myworkdayjobs.com/en-GB/External?locations=26304b0c664210569c1104658a81b7c9,Search for Jobs - Logo,false,2026-10-01T10:38:42,200,
Wellington,"Director, Product Strategy, EMEA","London, United Kingdom",,Posted 22 Days Ago,https://wellington.wd5.myworkdayjobs.com/en-GB/External/job/London-United-Kingdom/Director--Product-Strategy--EMEA_R94715-1?locations=26304b0c664210569c1104658a81b7c9,https://wellington.wd5.myworkdayjobs.com/en-GB/External?locations=26304b0c664210569c1104658a81b7c9,Search for Jobs - Logo,false,2026-10-01T10:38:42,200,
Wellington,Trade Operations Analyst,"London, United Kingdom",,Posted 30+ Days Ago,https://wellington.wd5.myworkdayjobs.com/en-GB/External/job/London-United-Kingdom/Trade-Operations-Analyst_R94635-1?locations=26304b0c664210569c1104658a81b7c9,https://wellington.wd5.myworkdayjobs.com/en-GB/External?locations=26304b0c664210569c1104658a81b7c9,Search for Jobs - Logo,false,2026-10-01T10:38:42,200,
Wellington,EMEA Emerging Market Debt Trader,"London, United Kingdom",,Posted 30+ Days Ago,https://wellington.wd5.myworkdayjobs.com/en-GB/External/job/London-United-Kingdom/EMEA-Emerging-Market-Debt-Trader_R94597-1?locations=26304b0c664210569c1104658a81b7c9,https://wellington.wd5.myworkdayjobs.com/en-GB/External?locations=26304b0c664210569c1104658a81b7c9,Search for Jobs - Logo,false,2026-10-01T10:38:42,200,
Wellington,"Analyst, International Healthcare Products & Services","London, United Kingdom",,Posted 30+ Days Ago,https://wellington.wd5.myworkdayjobs.com/en-GB/External/job/London-United-Kingdom/Analyst--International-Healthcare-Products---Services_R94436-1?locations=26304b0c664210569c1104658a81b7c9,https://wellington.wd5.myworkdayjobs.com/en-GB/External?locations=26304b0c664210569c1104658a81b7c9,Search for Jobs - Logo,false,2026-10-01T10:38:42,200,
Wellington,Senior Microsoft Cloud Platform Engineer,"London, United Kingdom",,Posted 30+ Days Ago,https://wellington.wd5.myworkdayjobs.com/en-GB/External/job/London-United-Kingdom/Senior-Systems-Engineer_R93809-1?locations=26304b0c664210569c1104658a81b7c9,https://wellington.wd5.myworkdayjobs.com/en-GB/External?locations=26304b0c664210569c1104658a81b7c9,Search for Jobs - Logo,false,2026-10-01T10:38:42,200,
Wellington,Distribution Enablement Lead EMEA/APAC Wealth,2 Locations,,Posted 30+ Days Ago,https://wellington.wd5.myworkdayjobs.com/en-GB/External/job/Central-Hong-Kong-Hong-Kong/Change-Management-Lead_R94199?locations=26304b0c664210569c1104658a81b7c9,https://wellington.wd5.myworkdayjobs.com/en-GB/External?locations=26304b0c664210569c1104658a81b7c9,Search for Jobs - Logo,false,2026-10-01T10:38:42,200,
Wellington,"Analyst, Global Payroll","London, United Kingdom",,Posted 30+ Days Ago,https://wellington.wd5.myworkdayjobs.com/en-GB/External/job/London-United-Kingdom/Analyst--Global-Payroll_R94223-1?locations=26304b0c664210569c1104658a81b7c9,https://wellington.wd5.myworkdayjobs.com/en-GB/External?locations=26304b0c664210569c1104658a81b7c9,Search for Jobs - Logo,false,2026-10-01T10:38:42,200,
Wellington,Market Research and Competitive Intelligence Lead,2 Locations,,Posted 30+ Days Ago,https://wellington.wd5.myworkdayjobs.com/en-GB/External/job/London-United-Kingdom/Market-Research-and-Competitive-Intelligence-Lead_R93036-1?locations=26304b0c664210569c1104658a81b7c9,https://wellington.wd5.myworkdayjobs.com/en-GB/External?locations=26304b0c664210569c1104658a81b7c9,Search for Jobs - Logo,false,2026-10-01T10:38:42,200,
Wellington,"Investment Risk Analyst, Fixed Income",2 Locations,,Posted 30+ Days Ago,https://wellington.wd5.myworkdayjobs.com/en-GB/External/job/London-United-Kingdom/Investment-Risk-Analyst--Fixed-Income_R93445-1?locations=26304b0c664210569c1104658a81b7c9,https://wellington.wd5.myworkdayjobs.com/en-GB/External?locations=26304b0c664210569c1104658a81b7c9,Search for Jobs - Logo,false,2026-10-01T10:38:42,200,
World Quant,Book Portfolio Manager,"Austin or Chicago or Miami or New York or Old Greenwich or San Francisco or West Palm Beach, United States",,,https://www.worldquant.com/career-listing/?id=4086725006,https://www.worldquant.com/career-listing/?location=london-united-kingdom&department=,Quantitative Finance Careers at WorldQuant,false,2026-10-01T10:38:42,200,
World Quant,Experienced Quantitative Strategist,"Austin or Chicago or Miami or New York or Old Greenwich or San Francisco or West Palm Beach, United States",,,https://www.worldquant.com/career-listing/?id=4252938006,https://www.worldquant.com/career-listing/?location=london-united-kingdom&department=,Quantitative Finance Careers at WorldQuant,false,2026-10-01T10:38:42,200,
World Quant,Independent Portfolio Manager,"Austin or Chicago or Miami or New York or Old Greenwich or San Francisco or West Palm Beach, United States",,,https://www.worldquant.com/career-listing/?id=4077160006,https://www.worldquant.com/career-listing/?location=london-united-kingdom&department=,Quantitative Finance Careers at WorldQuant,false,2026-10-01T10:38:42,200,
World Quant,BRAIN Researcher,"Beijing or Shanghai, China",,,https://www.worldquant.com/career-listing/?id=4248904006,https://www.worldquant.com/career-listing/?location=london-united-kingdom&department=,Quantitative Finance Careers at WorldQuant,false,2026-10-01T10:38:42,200,
World Quant,Data Science Intern,"Beijing or Shanghai, China",,,https://www.worldquant.com/career-listing/?id=4069460006,https://www.worldquant.com/career-listing/?location=london-united-kingdom&department=,Quantitative Finance Careers at WorldQuant,false,2026-10-01T10:38:42,200,
World Quant,Data Scientist,"Beijing or Shanghai, China",,,https://www.worldquant.com/career-listing/?id=4069487006,https://www.worldquant.com/career-listing/?location=london-united-kingdom&department=,Quantitative Finance Careers at WorldQuant,false,2026-10-01T10:38:42,200,
World Quant,Quantitative Researcher,"Beijing or Shanghai, China",,,https://www.worldquant.com/career-listing/?id=4069466006,https://www.worldquant.com/career-listing/?location=london-united-kingdom&department=,Quantitative Finance Careers at WorldQuant,false,2026-10-01T10:38:42,200,
World Quant,Quantitative Research Intern,"Beijing or Shanghai, China",,,https://www.worldquant.com/career-listing/?id=4084570006,https://www.worldquant.com/career-listing/?location=london-united-kingdom&department=,Quantitative Finance Careers at WorldQuant,false,2026-10-01T10:38:42,200,
World Quant,Executive Assistant and Office Manager,"Bengaluru, India",,,https://www.worldquant.com/career-listing/?id=4700558006,https://www.worldquant.com/career-listing/?location=london-united-kingdom&department=,Quantitative Finance Careers at WorldQuant,false,2026-10-01T10:38:42,200,
World Quant,AI Software Developer,"Budapest, Hungary",,,https://www.worldquant.com/career-listing/?id=4668859006,https://www.worldquant.com/career-listing/?location=london-united-kingdom&department=,Quantitative Finance Careers at WorldQuant,false,2026-10-01T10:38:42,200,
World Quant,C++ Software Engineer,"Budapest, Hungary",,,https://www.worldquant.com/career-listing/?id=4648493006,https://www.worldquant.com/career-listing/?location=london-united-kingdom&department=,Quantitative Finance Careers at WorldQuant,false,2026-10-01T10:38:42,200,
World Quant,Lead Python Engineer - AI Technology,"Budapest, Hungary",,,https://www.worldquant.com/career-listing/?id=4611236006,https://www.worldquant.com/career-listing/?location=london-united-kingdom&department=,Quantitative Finance Careers at WorldQuant,false,2026-10-01T10:38:42,200,
World Quant,Lead Technical Project Manager,"Budapest, Hungary",,,https://www.worldquant.com/career-listing/?id=4693238006,https://www.worldquant.com/career-listing/?location=london-united-kingdom&department=,Quantitative Finance Careers at WorldQuant,false,2026-10-01T10:38:42,200,
World Quant,Low Latency C++ Developer,"Budapest, Hungary",,,https://www.worldquant.com/career-listing/?id=4649328006,https://www.worldquant.com/career-listing/?location=london-united-kingdom&department=,Quantitative Finance Careers at WorldQuant,false,2026-10-01T10:38:42,200,
World Quant,Python Software Engineer,"Budapest, Hungary",,,https://www.worldquant.com/career-listing/?id=4570052006,https://www.worldquant.com/career-listing/?location=london-united-kingdom&department=,Quantitative Finance Careers at WorldQuant,false,2026-10-01T10:38:42,200,
World Quant,Quantitative Developer,"Budapest, Hungary",,,https://www.worldquant.com/career-listing/?id=4648089006,https://www.worldquant.com/career-listing/?location=london-united-kingdom&department=,Quantitative Finance Careers at WorldQuant,false,2026-10-01T10:38:42,200,
World Quant,Senior C++ Software Engineer,"Budapest, Hungary",,,https://www.worldquant.com/career-listing/?id=4436491006,https://www.worldquant.com/career-listing/?location=london-united-kingdom&department=,Quantitative Finance Careers at WorldQuant,false,2026-10-01T10:38:42,200,
World Quant,Senior Java Software Engineer,"Budapest, Hungary",,,https://www.worldquant.com/career-listing/?id=4662705006,https://www.worldquant.com/career-listing/?location=london-united-kingdom&department=,Quantitative Finance Careers at WorldQuant,false,2026-10-01T10:38:42,200,
World Quant,Senior Platform Engineer,"Budapest, Hungary",,,https://www.worldquant.com/career-listing/?id=4431149006,https://www.worldquant.com/career-listing/?location=london-united-kingdom&department=,Quantitative Finance Careers at WorldQuant,false,2026-10-01T10:38:42,200,
World Quant,Senior Python Engineer - AI Technology,"Budapest, Hungary",,,https://www.worldquant.com/career-listing/?id=4425930006,https://www.worldquant.com/career-listing/?location=london-united-kingdom&department=,Quantitative Finance Careers at WorldQuant,false,2026-10-01T10:38:42,200,
World Quant,Senior Python Software Engineer,"Budapest, Hungary",,,https://www.worldquant.com/career-listing/?id=4652057006,https://www.worldquant.com/career-listing/?location=london-united-kingdom&department=,Quantitative Finance Careers at WorldQuant,false,2026-10-01T10:38:42,200,
World Quant,Senior Security Engineer,"Budapest, Hungary",,,https://www.worldquant.com/career-listing/?id=4691343006,https://www.worldquant.com/career-listing/?location=london-united-kingdom&department=,Quantitative Finance Careers at WorldQuant,false,2026-10-01T10:38:42,200,
World Quant,Specialist Portfolio Manager,"Budapest, Hungary",,,https://www.worldquant.com/career-listing/?id=4373285006,https://www.worldquant.com/career-listing/?location=london-united-kingdom&department=,Quantitative Finance Careers at WorldQuant,false,2026-10-01T10:38:42,200,
World Quant,Book Portfolio Manager,"Geneva or Zug, Switzerland or London, United Kingdom or Paris, France",,,https://www.worldquant.com/career-listing/?id=4232921006,https://www.worldquant.com/career-listing/?location=london-united-kingdom&department=,Quantitative Finance Careers at WorldQuant,false,2026-10-01T10:38:42,200,
World Quant,Experienced Quantitative Strategist,"Geneva or Zug, Switzerland or London, United Kingdom or Paris, France",,,https://www.worldquant.com/career-listing/?id=4252939006,https://www.worldquant.com/career-listing/?location=london-united-kingdom&department=,Quantitative Finance Careers at WorldQuant,false,2026-10-01T10:38:42,200,
World Quant,Independent Portfolio Manager,"Geneva or Zug, Switzerland or London, United Kingdom or Paris, France",,,https://www.worldquant.com/career-listing/?id=4232956006,https://www.worldquant.com/career-listing/?location=london-united-kingdom&department=,Quantitative Finance Careers at WorldQuant,false,2026-10-01T10:38:42,200,
World Quant,Backend Engineer,"Hanoi or Ho Chi Minh City, Vietnam",,,https://www.worldquant.com/career-listing/?id=4665338006,https://www.worldquant.com/career-listing/?location=london-united-kingdom&department=,Quantitative Finance Careers at WorldQuant,false,2026-10-01T10:38:42,200,
World Quant,Full Stack Engineer,"Hanoi or Ho Chi Minh City, Vietnam",,,https://www.worldquant.com/career-listing/?id=4658486006,https://www.worldquant.com/career-listing/?location=london-united-kingdom&department=,Quantitative Finance Careers at WorldQuant,false,2026-10-01T10:38:42,200,
World Quant,Python Developer,"Hanoi or Ho Chi Minh City, Vietnam",,,https://www.worldquant.com/career-listing/?id=4673851006,https://www.worldquant.com/career-listing/?location=london-united-kingdom&department=,Quantitative Finance Careers at WorldQuant,false,2026-10-01T10:38:42,200,
World Quant,Quantitative Developer,"Hanoi or Ho Chi Minh City, Vietnam",,,https://www.worldquant.com/career-listing/?id=4703213006,https://www.worldquant.com/career-listing/?location=london-united-kingdom&department=,Quantitative Finance Careers at WorldQuant,false,2026-10-01T10:38:42,200,
World Quant,Quantitative Researcher,"Hanoi or Ho Chi Minh City, Vietnam",,,https://www.worldquant.com/career-listing/?id=4069478006,https://www.worldquant.com/career-listing/?location=london-united-kingdom&department=,Quantitative Finance Careers at WorldQuant,false,2026-10-01T10:38:42,200,
World Quant,Senior Backend Engineer,"Hanoi or Ho Chi Minh City, Vietnam",,,https://www.worldquant.com/career-listing/?id=4653484006,https://www.worldquant.com/career-listing/?location=london-united-kingdom&department=,Quantitative Finance Careers at WorldQuant,false,2026-10-01T10:38:42,200,
World Quant,Senior Software Engineer,"Hanoi or Ho Chi Minh City, Vietnam",,,https://www.worldquant.com/career-listing/?id=4672066006,https://www.worldquant.com/career-listing/?location=london-united-kingdom&department=,Quantitative Finance Careers at WorldQuant,false,2026-10-01T10:38:42,200,
World Quant,Software Engineer,"Hanoi or Ho Chi Minh City, Vietnam",,,https://www.worldquant.com/career-listing/?id=4065713006,https://www.worldquant.com/career-listing/?location=london-united-kingdom&department=,Quantitative Finance Careers at WorldQuant,false,2026-10-01T10:38:42,200,
World Quant,Software Engineer (C/C++),"Hanoi or Ho Chi Minh City, Vietnam",,,https://www.worldquant.com/career-listing/?id=4699962006,https://www.worldquant.com/career-listing/?location=london-united-kingdom&department=,Quantitative Finance Careers at WorldQuant,false,2026-10-01T10:38:42,200,
World Quant,WQBRAIN AI Researcher,"Hanoi or Ho Chi Minh City, Vietnam",,,https://www.worldquant.com/career-listing/?id=4686030006,https://www.worldquant.com/career-listing/?location=london-united-kingdom&department=,Quantitative Finance Careers at WorldQuant,false,2026-10-01T10:38:42,200,
World Quant,WQBRAIN Researcher,"Hanoi or Ho Chi Minh City, Vietnam",,,https://www.worldquant.com/career-listing/?id=4686007006,https://www.worldquant.com/career-listing/?location=london-united-kingdom&department=,Quantitative Finance Careers at WorldQuant,false,2026-10-01T10:38:42,200,
World Quant,Software Engineer Intern,"Hanoi, Vietnam",,,https://www.worldquant.com/career-listing/?id=4652485006,https://www.worldquant.com/career-listing/?location=london-united-kingdom&department=,Quantitative Finance Careers at WorldQuant,false,2026-10-01T10:38:42,200,
World Quant,Human Resources Manager,"Ho Chi Minh City, Vietnam",,,https://www.worldquant.com/career-listing/?id=4690091006,https://www.worldquant.com/career-listing/?location=london-united-kingdom&department=,Quantitative Finance Careers at WorldQuant,false,2026-10-01T10:38:42,200,
World Quant,Python Engineer,"Ho Chi Minh City, Vietnam",,,https://www.worldquant.com/career-listing/?id=4669597006,https://www.worldquant.com/career-listing/?location=london-united-kingdom&department=,Quantitative Finance Careers at WorldQuant,false,2026-10-01T10:38:42,200,
World Quant,WQBRAIN User Success Specialist,"Ho Chi Minh City, Vietnam",,,https://www.worldquant.com/career-listing/?id=4706108006,https://www.worldquant.com/career-listing/?location=london-united-kingdom&department=,Quantitative Finance Careers at WorldQuant,false,2026-10-01T10:38:42,200,
World Quant,Independent Portfolio Manager,"Hong Kong or Singapore or Sydney, Australia",,,https://www.worldquant.com/career-listing/?id=4232960006,https://www.worldquant.com/career-listing/?location=london-united-kingdom&department=,Quantitative Finance Careers at WorldQuant,false,2026-10-01T10:38:42,200,
World Quant,AI Software Developer,"London, United Kingdom",,,https://www.worldquant.com/career-listing/?id=4671240006,https://www.worldquant.com/career-listing/?location=london-united-kingdom&department=,Quantitative Finance Careers at WorldQuant,false,2026-10-01T10:38:42,200,
World Quant,Quantitative Developer,"London, United Kingdom",,,https://www.worldquant.com/career-listing/?id=4659364006,https://www.worldquant.com/career-listing/?location=london-united-kingdom&department=,Quantitative Finance Careers at WorldQuant,false,2026-10-01T10:38:42,200,
World Quant,Senior AI Software Developer,"London, United Kingdom",,,https://www.worldquant.com/career-listing/?id=4408985006,https://www.worldquant.com/career-listing/?location=london-united-kingdom&department=,Quantitative Finance Careers at WorldQuant,false,2026-10-01T10:38:42,200,
World Quant,Senior C++ Software Engineer,"London, United Kingdom",,,https://www.worldquant.com/career-listing/?id=4693255006,https://www.worldquant.com/career-listing/?location=london-united-kingdom&department=,Quantitative Finance Careers at WorldQuant,false,2026-10-01T10:38:42,200,
World Quant,Senior Python Software Engineer,"London, United Kingdom",,,https://www.worldquant.com/career-listing/?id=4694990006,https://www.worldquant.com/career-listing/?location=london-united-kingdom&department=,Quantitative Finance Careers at WorldQuant,false,2026-10-01T10:38:42,200,
World Quant,WQBRAIN Researcher,"London, United Kingdom",,,https://www.worldquant.com/career-listing/?id=4248901006,https://www.worldquant.com/career-listing/?location=london-united-kingdom&department=,Quantitative Finance Careers at WorldQuant,false,2026-10-01T10:38:42,200,
World Quant,C++ Developer,"Montevideo, Uruguay",,,https://www.worldquant.com/career-listing/?id=4679478006,https://www.worldquant.com/career-listing/?location=london-united-kingdom&department=,Quantitative Finance Careers at WorldQuant,false,2026-10-01T10:38:42,200,
World Quant,Linux Systems Engineer,"Montevideo, Uruguay",,,https://www.worldquant.com/career-listing/?id=4618429006,https://www.worldquant.com/career-listing/?location=london-united-kingdom&department=,Quantitative Finance Careers at WorldQuant,false,2026-10-01T10:38:42,200,
World Quant,Quantitative Developer,"Montevideo, Uruguay",,,https://www.worldquant.com/career-listing/?id=4649674006,https://www.worldquant.com/career-listing/?location=london-united-kingdom&department=,Quantitative Finance Careers at WorldQuant,false,2026-10-01T10:38:42,200,
World Quant,Quantitative Python Developer,"Montevideo, Uruguay",,,https://www.worldquant.com/career-listing/?id=4379256006,https://www.worldquant.com/career-listing/?location=london-united-kingdom&department=,Quantitative Finance Careers at WorldQuant,false,2026-10-01T10:38:42,200,
World Quant,Reference Data Operations Analyst,"Montevideo, Uruguay",,,https://www.worldquant.com/career-listing/?id=4697238006,https://www.worldquant.com/career-listing/?location=london-united-kingdom&department=,Quantitative Finance Careers at WorldQuant,false,2026-10-01T10:38:42,200,
World Quant,Senior Python Engineer - AI Technology,"Montevideo, Uruguay",,,https://www.worldquant.com/career-listing/?id=4607372006,https://www.worldquant.com/career-listing/?location=london-united-kingdom&department=,Quantitative Finance Careers at WorldQuant,false,2026-10-01T10:38:42,200,
World Quant,Site Reliability Engineer,"Montevideo, Uruguay",,,https://www.worldquant.com/career-listing/?id=4710685006,https://www.worldquant.com/career-listing/?location=london-united-kingdom&department=,Quantitative Finance Careers at WorldQuant,false,2026-10-01T10:38:42,200,
World Quant,Analyst - Portfolio and Treasury Services,"Mumbai, India",,,https://www.worldquant.com/career-listing/?id=4709490006,https://www.worldquant.com/career-listing/?location=london-united-kingdom&department=,Quantitative Finance Careers at WorldQuant,false,2026-10-01T10:38:42,200,
World Quant,Business Analyst - Platform Soutions,"Mumbai, India",,,https://www.worldquant.com/career-listing/?id=4676737006,https://www.worldquant.com/career-listing/?location=london-united-kingdom&department=,Quantitative Finance Careers at WorldQuant,false,2026-10-01T10:38:42,200,
World Quant,Deep Researcher,"Mumbai, India",,,https://www.worldquant.com/career-listing/?id=4676146006,https://www.worldquant.com/career-listing/?location=london-united-kingdom&department=,Quantitative Finance Careers at WorldQuant,false,2026-10-01T10:38:42,200,
World Quant,Quantitative Researcher,"Mumbai, India",,,https://www.worldquant.com/career-listing/?id=4673030006,https://www.worldquant.com/career-listing/?location=london-united-kingdom&department=,Quantitative Finance Careers at WorldQuant,false,2026-10-01T10:38:42,200,
World Quant,Quantitative Researcher - IPM (India),"Mumbai, India",,,https://www.worldquant.com/career-listing/?id=4715001006,https://www.worldquant.com/career-listing/?location=london-united-kingdom&department=,Quantitative Finance Careers at WorldQuant,false,2026-10-01T10:38:42,200,
World Quant,Data Scientist,"New Delhi, India",,,https://www.worldquant.com/career-listing/?id=4703128006,https://www.worldquant.com/career-listing/?location=london-united-kingdom&department=,Quantitative Finance Careers at WorldQuant,false,2026-10-01T10:38:42,200,
World Quant,Senior Engineer,"New Delhi, India",,,https://www.worldquant.com/career-listing/?id=4704097006,https://www.worldquant.com/career-listing/?location=london-united-kingdom&department=,Quantitative Finance Careers at WorldQuant,false,2026-10-01T10:38:42,200,
World Quant,Software Development Manager,"New York or Chicago or Austin or Old Greenwich, United States",,,https://www.worldquant.com/career-listing/?id=4665169006,https://www.worldquant.com/career-listing/?location=london-united-kingdom&department=,Quantitative Finance Careers at WorldQuant,false,2026-10-01T10:38:42,200,
World Quant,Software Engineer - Trading Systems,"New York or Chicago or Austin or Old Greenwich, United States",,,https://www.worldquant.com/career-listing/?id=4062126006,https://www.worldquant.com/career-listing/?location=london-united-kingdom&department=,Quantitative Finance Careers at WorldQuant,false,2026-10-01T10:38:42,200,
World Quant,Execution Developer,"New York or Old Greenwich or Chicago or Austin, United States",,,https://www.worldquant.com/career-listing/?id=4070178006,https://www.worldquant.com/career-listing/?location=london-united-kingdom&department=,Quantitative Finance Careers at WorldQuant,false,2026-10-01T10:38:42,200,
World Quant,Senior Software Engineer,"New York or Old Greenwich or Miami or Austin or Chicago, United States",,,https://www.worldquant.com/career-listing/?id=4361107006,https://www.worldquant.com/career-listing/?location=london-united-kingdom&department=,Quantitative Finance Careers at WorldQuant,false,2026-10-01T10:38:42,200,
World Quant,AI Scientist,"New York, United States",,,https://www.worldquant.com/career-listing/?id=4687291006,https://www.worldquant.com/career-listing/?location=london-united-kingdom&department=,Quantitative Finance Careers at WorldQuant,false,2026-10-01T10:38:42,200,
World Quant,Full Stack Developer,"New York, United States",,,https://www.worldquant.com/career-listing/?id=4704076006,https://www.worldquant.com/career-listing/?location=london-united-kingdom&department=,Quantitative Finance Careers at WorldQuant,false,2026-10-01T10:38:42,200,
World Quant,Junior Execution Trader,"New York, United States",,,https://www.worldquant.com/career-listing/?id=4705539006,https://www.worldquant.com/career-listing/?location=london-united-kingdom&department=,Quantitative Finance Careers at WorldQuant,false,2026-10-01T10:38:42,200,
World Quant,Senior Machine Learning Engineer,"New York, United States",,,https://www.worldquant.com/career-listing/?id=4712627006,https://www.worldquant.com/career-listing/?location=london-united-kingdom&department=,Quantitative Finance Careers at WorldQuant,false,2026-10-01T10:38:42,200,
World Quant,Quantitative Developer,"Old Greenwich or New York, United States",,,https://www.worldquant.com/career-listing/?id=4700347006,https://www.worldquant.com/career-listing/?location=london-united-kingdom&department=,Quantitative Finance Careers at WorldQuant,false,2026-10-01T10:38:42,200,
World Quant,Quantitative Project Manager,"Old Greenwich, United States",,,https://www.worldquant.com/career-listing/?id=4697683006,https://www.worldquant.com/career-listing/?location=london-united-kingdom&department=,Quantitative Finance Careers at WorldQuant,false,2026-10-01T10:38:42,200,
World Quant,Lead Python Engineer - AI Technology,"Ramat Gan, Israel",,,https://www.worldquant.com/career-listing/?id=4657786006,https://www.worldquant.com/career-listing/?location=london-united-kingdom&department=,Quantitative Finance Careers at WorldQuant,false,2026-10-01T10:38:42,200,
World Quant,Quantitative Developer,"Ramat Gan, Israel",,,https://www.worldquant.com/career-listing/?id=4649227006,https://www.worldquant.com/career-listing/?location=london-united-kingdom&department=,Quantitative Finance Careers at WorldQuant,false,2026-10-01T10:38:42,200,
World Quant,Senior C++ Software Engineer,"Ramat Gan, Israel",,,https://www.worldquant.com/career-listing/?id=4713382006,https://www.worldquant.com/career-listing/?location=london-united-kingdom&department=,Quantitative Finance Careers at WorldQuant,false,2026-10-01T10:38:42,200,
World Quant,Senior Python Software Engineer,"Ramat Gan, Israel",,,https://www.worldquant.com/career-listing/?id=4693330006,https://www.worldquant.com/career-listing/?location=london-united-kingdom&department=,Quantitative Finance Careers at WorldQuant,false,2026-10-01T10:38:42,200,
World Quant,Specialist Portfolio Manager,"Ramat Gan, Israel",,,https://www.worldquant.com/career-listing/?id=4411997006,https://www.worldquant.com/career-listing/?location=london-united-kingdom&department=,Quantitative Finance Careers at WorldQuant,false,2026-10-01T10:38:42,200,
World Quant,Quantitative Researcher,"Seoul, South Korea",,,https://www.worldquant.com/career-listing/?id=4069499006,https://www.worldquant.com/career-listing/?location=london-united-kingdom&department=,Quantitative Finance Careers at WorldQuant,false,2026-10-01T10:38:42,200,
World Quant,BRAIN Researcher,Singapore,,,https://www.worldquant.com/career-listing/?id=4250853006,https://www.worldquant.com/career-listing/?location=london-united-kingdom&department=,Quantitative Finance Careers at WorldQuant,false,2026-10-01T10:38:42,200,
World Quant,C++ Software Engineer - Data Platform,Singapore,,,https://www.worldquant.com/career-listing/?id=4701096006,https://www.worldquant.com/career-listing/?location=london-united-kingdom&department=,Quantitative Finance Careers at WorldQuant,false,2026-10-01T10:38:42,200,
World Quant,Junior Execution Trader,Singapore,,,https://www.worldquant.com/career-listing/?id=4408547006,https://www.worldquant.com/career-listing/?location=london-united-kingdom&department=,Quantitative Finance Careers at WorldQuant,false,2026-10-01T10:38:42,200,
World Quant,Quantitative Developer,Singapore,,,https://www.worldquant.com/career-listing/?id=4435904006,https://www.worldquant.com/career-listing/?location=london-united-kingdom&department=,Quantitative Finance Careers at WorldQuant,false,2026-10-01T10:38:42,200,
World Quant,Quantitative Developer,Singapore,,,https://www.worldquant.com/career-listing/?id=4686743006,https://www.worldquant.com/career-listing/?location=london-united-kingdom&department=,Quantitative Finance Careers at WorldQuant,false,2026-10-01T10:38:42,200,
World Quant,Quantitative Execution Strategist,Singapore,,,https://www.worldquant.com/career-listing/?id=4665468006,https://www.worldquant.com/career-listing/?location=london-united-kingdom&department=,Quantitative Finance Careers at WorldQuant,false,2026-10-01T10:38:42,200,
World Quant,Senior C++ Software Engineer,Singapore,,,https://www.worldquant.com/career-listing/?id=4451658006,https://www.worldquant.com/career-listing/?location=london-united-kingdom&department=,Quantitative Finance Careers at WorldQuant,false,2026-10-01T10:38:42,200,
World Quant,Software Engineering Lead (MetaTech),Singapore,,,https://www.worldquant.com/career-listing/?id=4661177006,https://www.worldquant.com/career-listing/?location=london-united-kingdom&department=,Quantitative Finance Careers at WorldQuant,false,2026-10-01T10:38:42,200,
World Quant,Book Portfolio Manager,"Singapore or Sydney, Australia",,,https://www.worldquant.com/career-listing/?id=4232927006,https://www.worldquant.com/career-listing/?location=london-united-kingdom&department=,Quantitative Finance Careers at WorldQuant,false,2026-10-01T10:38:42,200,
World Quant,Experienced Quantitative Strategist,"Singapore or Sydney, Australia",,,https://www.worldquant.com/career-listing/?id=4252944006,https://www.worldquant.com/career-listing/?location=london-united-kingdom&department=,Quantitative Finance Careers at WorldQuant,false,2026-10-01T10:38:42,200,
World Quant,Data Scientist,"Taipei, Taiwan",,,https://www.worldquant.com/career-listing/?id=4069485006,https://www.worldquant.com/career-listing/?location=london-united-kingdom&department=,Quantitative Finance Careers at WorldQuant,false,2026-10-01T10:38:42,200,
World Quant,Quantitative Researcher,"Taipei, Taiwan",,,https://www.worldquant.com/career-listing/?id=4069484006,https://www.worldquant.com/career-listing/?location=london-united-kingdom&department=,Quantitative Finance Careers at WorldQuant,false,2026-10-01T10:38:42,200,
World Quant,"Quantitative Researcher, Quant Macro","Taipei, Taiwan",,,https://www.worldquant.com/career-listing/?id=4372598006,https://www.worldquant.com/career-listing/?location=london-united-kingdom&department=,Quantitative Finance Careers at WorldQuant,false,2026-10-01T10:38:42,200,
World Quant,WorldQuant Technology Talent Network,Multiple Locations,,,https://www.worldquant.com/career-listing/?id=4565984006,https://www.worldquant.com/career-listing/?location=london-united-kingdom&department=,Quantitative Finance Careers at WorldQuant,false,2026-10-01T10:38:42,200,
World Quant,AI Software Developer,"Yerevan, Armenia",,,https://www.worldquant.com/career-listing/?id=4652035006,https://www.worldquant.com/career-listing/?location=london-united-kingdom&department=,Quantitative Finance Careers at WorldQuant,false,2026-10-01T10:38:42,200,
World Quant,Deep Researcher,"Yerevan, Armenia",,,https://www.worldquant.com/career-listing/?id=4309110006,https://www.worldquant.com/career-listing/?location=london-united-kingdom&department=,Quantitative Finance Careers at WorldQuant,false,2026-10-01T10:38:42,200,
World Quant,Lead Python Engineer - AI/ML Systems,"Yerevan, Armenia",,,https://www.worldquant.com/career-listing/?id=4426631006,https://www.worldquant.com/career-listing/?location=london-united-kingdom&department=,Quantitative Finance Careers at WorldQuant,false,2026-10-01T10:38:42,200,
World Quant,Quantitative Researcher,"Yerevan, Armenia",,,https://www.worldquant.com/career-listing/?id=4069492006,https://www.worldquant.com/career-listing/?location=london-united-kingdom&department=,Quantitative Finance Careers at WorldQuant,false,2026-10-01T10:38:42,200,
World Quant,Senior Python Engineer - AI/ML Systems,"Yerevan, Armenia",,,https://www.worldquant.com/career-listing/?id=4611235006,https://www.worldquant.com/career-listing/?location=london-united-kingdom&department=,Quantitative Finance Careers at WorldQuant,false,2026-10-01T10:38:42,200,
World Quant,Senior Quantitative Researcher,"Yerevan, Armenia",,,https://www.worldquant.com/career-listing/?id=4069493006,https://www.worldquant.com/career-listing/?location=london-united-kingdom&department=,Quantitative Finance Careers at WorldQuant,false,2026-10-01T10:38:42,200,
